id_tratamiento,duracion
2,1.97
3,0.53
4,0.68
6,1.25
7,0.86
9,2.94
11,0.85
15,4.29
17,2.41
18,1.29
20,0.86
26,1.07
29,4.25
37,1.25
43,1.63
45,1.02
49,0.85
52,1.15
59,0.91
63,2.97
64,1.31
65,1.43
66,2.46
67,1.1
69,4.55
70,4.91
72,2.45
73,1.69
74,0.53
75,1.85
78,1.03
79,1.74
81,1.36
82,0.67
85,1.97
86,0.53
88,4.23
90,3.81
93,0.85
95,2.3
103,1.81
105,3.93
106,1.94
110,1.0
112,2.75
113,1.42
115,2.72
116,1.22
117,1.93
118,4.13
125,0.96
129,1.98
130,4.52
131,2.44
132,1.67
135,0.86
136,1.92
137,1.61
140,2.03
143,0.64
146,1.42
147,0.94
151,3.33
157,2.32
158,1.38
165,3.24
167,2.29
169,1.5
171,1.2
173,4.73
176,1.21
179,0.82
183,3.82
191,2.34
194,1.48
196,0.77
205,2.88
211,0.79
212,2.18
213,1.34
214,2.63
218,4.38
219,4.82
220,0.74
222,4.11
225,1.09
226,4.35
229,2.62
231,0.67
236,4.52
239,0.93
240,2.06
242,1.32
244,0.84
247,1.08
248,1.08
249,0.64
250,1.52
252,1.96
255,2.57
256,3.64
258,1.75
260,1.63
263,1.62
264,3.77
265,1.13
266,1.15
269,1.96
271,1.35
272,0.64
275,1.99
278,4.1
279,0.73
285,1.15
286,0.61
289,1.16
298,3.94
300,1.94
303,1.8
315,3.87
320,1.8
321,1.81
322,1.36
324,1.4
325,1.62
333,1.3
335,4.46
336,1.34
340,4.44
343,1.01
350,1.41
353,1.23
354,0.65
355,1.84
358,3.83
362,1.32
364,0.54
368,0.74
374,1.71
377,3.39
387,1.12
391,1.22
392,0.67
394,2.57
396,2.84
404,0.88
407,2.94
411,0.53
415,0.87
418,2.33
419,4.48
420,4.88
421,1.86
425,3.61
430,1.17
434,0.9
439,4.2
440,2.16
442,1.03
444,2.75
449,4.35
450,2.26
454,2.78
456,1.58
457,1.32
459,2.76
460,0.79
461,1.17
465,0.56
466,1.03
468,0.75
473,1.95
477,1.49
478,2.69
479,1.34
480,0.88
484,1.47
487,1.52
488,3.63
489,4.87
497,1.96
498,1.21
500,4.78
501,1.5
504,0.65
506,1.81
510,3.28
511,1.7
514,0.69
515,1.62
516,3.1
517,2.03
522,0.83
523,4.74
524,3.58
528,0.57
531,2.82
533,4.11
536,0.88
537,1.62
548,1.29
550,1.48
551,4.14
555,0.57
556,0.8
564,1.74
567,1.45
568,0.86
575,1.6
576,3.13
582,0.71
587,4.27
589,0.82
591,3.14
594,1.96
596,0.96
597,1.37
598,1.93
602,1.63
603,0.68
605,2.88
610,0.77
611,0.97
612,3.88
614,3.97
615,2.11
616,0.69
617,0.57
625,0.57
628,1.72
629,1.27
633,1.51
638,0.84
639,2.95
644,4.64
647,1.4
649,0.52
650,1.27
656,3.64
657,3.87
665,1.17
666,1.08
667,1.01
668,0.86
674,2.07
675,0.87
679,2.01
681,1.81
682,1.0
685,3.79
687,1.48
688,1.88
689,1.45
690,1.19
691,1.16
692,1.97
693,0.72
697,1.64
711,0.7
712,2.16
713,1.23
716,0.97
717,0.95
721,4.95
723,1.31
728,0.92
731,4.4
732,0.62
738,4.08
740,1.66
741,0.99
743,3.74
749,1.31
750,2.5
752,1.81
753,3.28
755,0.86
756,1.27
759,0.56
760,1.13
762,3.04
770,1.83
775,0.8
776,1.58
778,1.08
780,0.95
781,0.79
784,1.82
785,1.16
786,2.0
787,1.94
791,1.3
793,1.58
794,0.68
795,2.39
796,1.75
797,3.39
799,4.64
807,1.53
808,1.85
814,1.36
815,4.81
821,1.13
823,2.13
828,0.86
836,1.19
839,0.9
843,1.12
846,1.95
855,1.11
856,1.21
860,4.27
861,2.55
863,3.57
865,1.8
867,1.0
870,1.03
872,4.43
873,1.22
874,1.42
875,1.65
876,1.51
877,1.97
878,1.41
884,0.99
886,2.05
888,1.52
889,2.47
891,1.28
894,1.66
895,0.89
898,1.39
899,2.26
906,0.77
909,1.23
911,1.4
918,1.96
919,1.47
921,2.08
923,4.56
925,1.74
927,4.51
929,0.9
932,1.61
937,0.7
940,3.3
943,4.76
948,2.57
950,0.6
952,1.23
955,1.54
958,1.28
959,1.86
960,3.35
963,0.63
964,0.69
966,1.34
967,1.66
969,2.77
972,1.25
983,1.8
988,0.85
989,1.94
992,2.22
1001,1.81
1004,0.98
1012,1.19
1015,4.05
1016,1.29
1020,1.25
1022,4.26
1025,4.36
1027,1.6
1029,3.79
1031,2.87
1033,3.35
1040,1.51
1042,2.44
1045,1.3
1046,1.08
1048,3.35
1052,0.71
1054,3.21
1056,2.9
1057,4.43
1060,3.95
1064,0.88
1065,0.73
1071,1.46
1072,4.78
1074,2.78
1076,2.41
1082,2.4
1085,2.3
1086,4.73
1088,1.26
1089,1.17
1090,0.77
1093,3.72
1095,0.94
1097,2.23
1102,1.29
1104,1.85
1106,3.77
1109,1.1
1114,1.65
1115,0.69
1118,0.74
1121,1.95
1123,1.01
1124,1.02
1125,2.88
1128,1.28
1129,4.07
1132,0.99
1135,1.96
1136,1.38
1139,3.55
1143,1.72
1144,1.2
1146,4.99
1150,4.73
1151,3.42
1152,0.7
1153,1.94
1157,1.87
1159,0.77
1160,1.5
1161,1.21
1163,1.75
1164,1.55
1165,1.56
1167,3.55
1168,0.76
1176,0.82
1178,1.44
1188,1.24
1189,1.52
1197,1.59
1199,1.3
1202,1.43
1206,0.92
1207,1.97
1210,1.54
1211,0.9
1212,4.31
1213,0.84
1214,0.5
1215,0.67
1218,1.36
1224,1.19
1225,4.68
1227,1.05
1228,0.5
1229,2.3
1230,0.93
1231,1.24
1235,0.52
1237,1.4
1241,1.07
1245,1.9
1249,1.15
1251,4.44
1253,3.82
1257,3.6
1258,1.87
1259,0.86
1260,1.03
1262,0.89
1265,1.57
1266,1.59
1267,0.67
1268,0.91
1269,0.77
1271,1.49
1272,1.78
1276,2.27
1280,1.59
1281,4.6
1285,1.75
1294,3.43
1295,1.04
1297,3.83
1300,2.75
1302,3.05
1308,0.81
1309,0.71
1310,1.85
1311,4.19
1312,3.05
1313,1.7
1314,1.3
1316,3.79
1318,4.76
1319,0.92
1321,1.27
1324,1.24
1326,0.59
1328,0.88
1335,4.52
1337,0.67
1339,1.59
1340,2.81
1349,1.25
1350,1.98
1357,2.22
1358,2.43
1360,4.86
1362,0.67
1363,1.22
1364,1.04
1365,0.59
1367,0.57
1369,1.83
1375,1.61
1378,1.73
1379,1.05
1386,1.44
1387,4.27
1390,1.52
1393,3.54
1396,1.06
1398,0.51
1399,3.01
1402,4.55
1404,1.52
1406,0.91
1415,1.41
1417,1.85
1420,0.95
1426,0.9
1428,0.53
1431,2.14
1433,1.99
1438,4.6
1439,1.64
1441,1.86
1442,2.34
1448,3.6
1449,2.33
1450,0.95
1454,4.58
1455,1.11
1461,0.61
1462,1.92
1469,3.47
1470,1.04
1474,0.59
1480,1.36
1482,1.27
1484,1.11
1487,1.33
1491,1.45
1492,1.03
1494,2.0
1500,3.86
1501,0.73
1502,0.95
1504,0.8
1507,1.98
1508,1.25
1509,1.28
1512,3.55
1514,3.42
1515,4.6
1517,1.75
1520,0.99
1522,1.97
1524,4.36
1525,1.87
1528,0.56
1529,3.08
1530,1.43
1531,0.77
1532,3.05
1538,1.92
1543,1.0
1550,1.26
1551,0.95
1557,3.67
1559,1.23
1561,4.56
1563,1.03
1572,1.75
1575,3.72
1576,1.81
1578,3.36
1580,1.16
1582,1.09
1590,4.83
1591,1.83
1597,2.47
1605,2.25
1606,1.6
1609,2.25
1610,0.64
1615,3.68
1617,1.66
1619,2.28
1621,1.49
1623,1.92
1625,1.24
1626,3.36
1628,4.97
1635,0.56
1636,0.55
1642,1.86
1645,1.86
1646,1.04
1655,1.04
1661,3.33
1666,1.86
1670,2.55
1672,1.8
1673,1.39
1678,4.39
1679,4.67
1680,1.8
1682,0.71
1684,1.53
1685,1.17
1687,0.68
1689,0.7
1690,1.64
1695,3.45
1696,3.04
1697,1.09
1701,1.89
1703,2.63
1704,1.68
1705,0.71
1712,1.18
1715,0.59
1721,3.19
1723,1.25
1724,1.59
1727,1.61
1735,0.86
1740,1.21
1746,0.54
1749,1.87
1750,1.65
1752,0.66
1753,1.26
1755,1.01
1757,2.7
1758,4.26
1760,0.63
1762,1.71
1764,2.99
1765,2.83
1768,1.44
1769,1.5
1770,1.94
1774,1.84
1775,1.48
1776,2.6
1778,1.47
1782,0.71
1784,1.63
1785,0.71
1787,3.33
1789,1.98
1790,4.87
1792,1.74
1795,2.62
1797,2.21
1798,1.24
1799,1.64
1800,3.87
1801,1.12
1804,1.71
1807,1.24
1808,1.5
1810,1.96
1811,4.46
1812,1.72
1813,1.39
1814,3.01
1815,0.64
1820,1.82
1821,1.07
1831,1.96
1840,1.93
1841,1.4
1842,0.51
1845,0.78
1850,1.79
1851,1.85
1853,0.53
1854,0.83
1855,1.67
1856,3.39
1857,0.81
1858,2.15
1859,3.84
1860,0.92
1862,0.63
1864,1.01
1872,4.65
1873,2.03
1876,1.09
1880,4.66
1881,1.36
1882,1.58
1883,2.24
1885,1.08
1888,2.97
1892,1.38
1893,1.16
1895,1.66
1896,4.24
1898,1.87
1900,1.48
1903,1.38
1904,2.82
1912,3.82
1913,0.57
1915,0.55
1918,3.14
1931,4.83
1932,1.41
1937,1.23
1938,2.34
1939,1.02
1943,1.83
1948,3.78
1951,0.81
1956,4.16
1959,3.45
1960,3.82
1968,2.54
1970,1.52
1971,3.78
1973,1.91
1974,0.64
1975,1.55
1977,4.32
1978,1.24
1979,0.95
1983,3.42
1984,1.44
1985,4.02
1989,3.52
1990,1.66
1994,3.82
1998,1.53
1999,1.15
2002,1.49
2004,1.68
2011,1.2
2014,1.63
2017,1.22
2021,0.54
2029,1.97
2030,4.9
2034,0.96
2037,0.74
2038,0.57
2043,2.63
2044,0.93
2047,1.61
2053,1.3
2055,1.37
2058,0.71
2067,1.77
2068,1.09
2070,0.6
2073,0.78
2075,0.67
2076,1.71
2077,2.06
2078,0.57
2079,0.65
2082,3.97
2084,3.45
2085,3.38
2091,4.76
2092,1.35
2095,1.09
2098,1.97
2102,3.18
2104,0.96
2105,0.71
2106,4.14
2107,2.42
2108,1.83
2109,0.93
2110,4.85
2112,0.66
2113,0.83
2114,1.36
2115,4.87
2116,2.28
2122,0.53
2123,1.84
2124,3.06
2126,2.43
2127,1.82
2128,1.35
2130,0.87
2131,0.87
2132,1.06
2133,1.01
2135,1.96
2136,2.35
2137,1.03
2140,0.54
2146,0.96
2148,0.96
2149,4.48
2152,1.56
2154,4.18
2156,0.89
2157,0.71
2159,1.2
2160,3.75
2161,1.9
2163,1.63
2164,4.24
2166,1.16
2167,1.68
2168,0.67
2170,1.39
2171,1.13
2174,1.5
2177,4.3
2184,1.8
2186,0.73
2189,0.81
2194,3.55
2196,2.18
2197,2.14
2201,2.81
2203,1.76
2207,0.62
2211,1.98
2212,2.85
2215,1.58
2216,1.67
2217,1.67
2229,1.39
2232,3.86
2235,0.55
2238,2.96
2239,0.87
2240,0.86
2241,1.16
2242,2.61
2245,1.13
2246,0.56
2251,3.19
2256,2.56
2258,2.23
2263,1.87
2264,1.55
2265,2.61
2266,0.7
2269,1.58
2271,0.75
2272,1.63
2274,1.25
2275,3.62
2282,1.83
2283,1.07
2284,1.8
2290,0.72
2291,0.91
2296,0.67
2297,2.85
2301,3.4
2303,1.69
2306,0.93
2308,2.42
2314,1.56
2315,2.76
2318,2.96
2320,1.87
2323,1.23
2326,3.0
2329,1.32
2330,3.07
2332,1.91
2334,1.98
2335,1.96
2336,1.76
2351,0.68
2353,4.16
2356,2.47
2359,1.08
2360,4.2
2361,1.08
2363,1.44
2365,0.78
2367,3.28
2368,1.38
2369,1.6
2370,1.57
2377,4.39
2382,1.9
2383,2.65
2384,1.56
2385,2.92
2387,1.85
2392,1.32
2398,0.81
2405,1.09
2410,1.46
2412,0.87
2415,4.38
2422,0.71
2427,1.19
2431,0.92
2433,3.58
2434,2.01
2437,0.94
2440,1.5
2442,1.56
2444,1.54
2446,4.19
2448,3.29
2451,4.69
2453,0.59
2456,1.26
2457,0.81
2458,2.36
2459,1.24
2462,0.79
2464,4.58
2468,1.72
2469,4.36
2471,0.56
2473,0.88
2476,1.53
2479,1.71
2480,1.36
2483,1.37
2484,1.21
2486,1.98
2487,1.81
2488,1.1
2491,1.28
2494,1.73
2497,2.66
2500,0.77
2502,1.45
2505,4.18
2506,1.41
2510,1.82
2511,3.44
2513,0.87
2515,1.57
2517,2.36
2519,1.52
2521,0.77
2526,4.19
2531,4.64
2534,0.94
2538,1.15
2539,1.92
2541,1.2
2542,0.53
2543,0.91
2547,1.54
2548,4.82
2549,2.74
2550,1.99
2553,1.28
2554,0.99
2557,2.89
2562,1.13
2564,0.99
2566,1.22
2567,1.34
2569,1.28
2570,3.76
2578,1.33
2579,1.18
2582,1.54
2583,1.45
2584,4.09
2587,1.69
2588,1.0
2589,1.89
2590,2.04
2592,2.06
2595,1.17
2596,1.04
2598,3.99
2599,2.61
2607,3.45
2608,3.53
2609,0.54
2610,0.9
2612,2.0
2617,1.26
2618,4.67
2626,0.82
2627,0.55
2628,0.9
2629,1.67
2631,0.74
2634,3.87
2636,1.95
2637,1.19
2638,4.31
2639,2.09
2643,4.5
2647,1.08
2650,0.76
2651,2.67
2653,1.15
2654,1.95
2658,3.8
2659,0.53
2660,2.9
2662,3.87
2665,1.74
2666,1.22
2668,0.92
2671,1.99
2674,4.75
2677,3.73
2678,2.92
2679,0.93
2680,1.92
2682,1.81
2685,0.5
2686,0.75
2689,1.76
2690,1.72
2693,1.06
2697,1.75
2701,1.55
2703,2.36
2704,1.94
2705,1.04
2706,1.64
2707,1.44
2712,0.89
2716,1.55
2722,1.3
2724,1.16
2725,1.96
2727,3.84
2729,1.52
2731,1.11
2733,1.68
2736,4.26
2737,3.51
2739,1.13
2741,2.15
2744,0.53
2745,3.36
2746,4.07
2748,3.06
2750,1.49
2753,0.93
2755,2.25
2757,3.58
2758,1.18
2759,0.73
2762,1.78
2763,1.93
2765,1.66
2766,0.73
2769,4.92
2770,0.79
2771,1.8
2772,0.78
2773,1.7
2774,0.68
2779,1.12
2781,3.31
2783,2.78
2785,1.64
2786,1.57
2787,1.78
2788,1.45
2790,4.74
2791,1.76
2792,3.0
2794,2.8
2795,1.7
2801,3.89
2803,0.54
2804,2.38
2808,4.17
2811,1.75
2813,1.53
2816,4.65
2817,3.05
2822,2.82
2825,1.14
2828,1.68
2838,3.54
2839,1.62
2842,0.55
2848,3.47
2849,1.46
2850,0.79
2857,0.53
2864,1.78
2867,1.74
2868,2.92
2875,2.72
2878,0.61
2879,0.84
2880,1.55
2881,1.12
2884,2.74
2887,2.33
2890,1.39
2893,3.62
2894,3.63
2897,2.33
2900,1.1
2906,3.31
2912,3.91
2914,1.66
2916,1.33
2917,3.77
2920,0.72
2922,4.71
2924,4.83
2929,0.96
2931,2.88
2936,1.29
2937,1.96
2942,1.42
2945,3.12
2949,4.27
2952,4.3
2956,3.64
2958,1.23
2960,1.15
2961,1.53
2963,1.23
2968,3.84
2970,1.42
2972,3.77
2977,1.73
2978,2.86
2979,4.35
2982,3.69
2984,1.91
2985,1.84
2990,0.7
2994,1.22
2995,1.14
2996,0.93
2997,3.3
2998,3.92
3000,2.68
3001,1.22
3002,4.89
3006,3.74
3007,0.92
3008,4.2
3011,1.18
3013,1.03
3014,4.68
3016,1.97
3018,1.97
3021,0.89
3024,3.61
3027,1.1
3029,0.86
3031,3.29
3032,3.12
3033,1.29
3035,1.44
3036,1.64
3038,1.07
3040,0.69
3041,3.36
3042,0.52
3043,1.27
3046,0.99
3047,0.52
3048,1.18
3053,2.86
3055,1.12
3056,1.27
3058,0.58
3061,1.07
3065,3.63
3069,0.89
3070,3.95
3075,0.94
3079,0.8
3080,2.64
3083,1.76
3085,4.68
3086,2.12
3092,4.42
3093,1.43
3094,3.55
3095,2.14
3097,0.8
3101,0.82
3105,0.87
3107,1.71
3115,4.44
3116,2.07
3117,2.99
3118,4.77
3119,2.89
3124,0.72
3127,1.61
3130,2.63
3132,4.91
3133,2.41
3134,0.85
3137,2.09
3138,3.11
3139,3.2
3140,4.68
3141,1.47
3142,0.57
3145,1.68
3147,1.47
3150,4.24
3151,1.58
3152,2.51
3156,1.75
3159,1.15
3160,4.87
3163,1.1
3165,1.93
3166,4.02
3172,1.55
3174,1.1
3176,3.19
3183,1.75
3184,1.67
3186,1.74
3187,4.04
3188,0.97
3192,1.37
3193,2.56
3197,0.96
3198,4.15
3199,0.85
3203,0.85
3204,2.4
3208,2.1
3216,4.76
3222,4.67
3224,2.16
3225,1.78
3227,0.66
3231,1.21
3233,0.97
3235,1.87
3236,2.89
3237,0.91
3238,0.98
3240,3.16
3241,4.4
3244,4.99
3246,2.33
3249,0.72
3253,1.88
3257,0.51
3258,1.98
3259,0.83
3262,3.53
3264,1.04
3266,4.89
3272,4.8
3273,1.4
3274,2.75
3275,0.53
3278,0.61
3280,4.9
3283,0.7
3284,0.88
3288,0.62
3292,0.9
3294,4.66
3295,0.92
3298,3.75
3301,2.46
3302,1.14
3303,4.32
3304,1.61
3306,4.99
3309,0.56
3310,0.84
3311,2.81
3312,3.1
3318,1.95
3319,4.76
3330,3.82
3331,1.34
3337,0.5
3340,3.6
3344,1.5
3351,1.14
3353,1.07
3355,1.36
3356,0.92
3359,0.99
3360,1.67
3361,0.92
3362,3.15
3363,2.24
3365,1.1
3366,2.05
3368,1.71
3370,4.4
3371,0.52
3373,0.72
3375,1.5
3376,1.32
3377,3.88
3378,0.83
3381,4.23
3385,1.31
3386,0.72
3388,1.6
3392,1.19
3394,1.01
3396,1.92
3397,3.88
3398,1.58
3399,3.53
3401,2.56
3402,1.56
3405,1.64
3406,1.35
3409,2.2
3411,2.07
3413,4.74
3414,1.72
3418,1.52
3420,1.03
3426,4.08
3430,3.39
3433,0.69
3441,1.04
3444,4.95
3447,4.69
3449,1.42
3452,0.65
3454,0.9
3459,1.15
3462,1.56
3463,1.93
3467,1.65
3468,1.09
3478,1.95
3481,0.83
3482,1.67
3483,3.42
3485,1.63
3487,3.42
3488,4.58
3490,1.17
3492,4.49
3493,1.27
3502,1.86
3503,0.91
3505,3.66
3508,1.82
3512,0.76
3513,4.66
3514,1.95
3517,1.99
3519,4.11
3523,1.3
3525,2.0
3532,3.74
3533,1.94
3539,1.97
3549,3.04
3553,0.95
3555,1.38
3556,1.78
3559,1.19
3563,1.86
3572,0.78
3573,2.22
3575,1.08
3577,1.86
3578,2.08
3579,0.54
3580,1.06
3581,4.8
3585,1.95
3588,4.13
3590,0.97
3595,2.47
3597,0.81
3601,2.46
3602,3.07
3603,1.18
3606,1.52
3607,0.58
3608,0.74
3610,2.02
3614,4.74
3616,2.56
3619,0.99
3626,0.64
3628,1.63
3630,2.16
3632,2.71
3633,1.03
3634,0.53
3636,3.66
3642,2.3
3643,1.96
3644,1.79
3645,2.46
3648,1.44
3650,1.11
3651,1.58
3655,2.37
3656,3.25
3659,4.23
3662,1.48
3664,1.47
3668,3.98
3669,1.53
3672,0.76
3673,1.97
3675,1.45
3676,1.22
3686,1.09
3687,0.73
3688,4.17
3690,4.48
3691,1.23
3692,1.25
3695,0.95
3700,0.61
3701,1.02
3703,1.62
3705,2.53
3706,0.78
3710,4.58
3713,1.08
3714,0.67
3716,1.14
3718,1.55
3719,1.7
3723,1.59
3724,1.35
3725,0.87
3726,1.46
3727,1.55
3730,1.83
3735,0.91
3736,2.3
3738,2.3
3743,1.71
3746,4.14
3748,4.44
3758,1.04
3760,0.66
3761,0.68
3764,3.58
3768,3.67
3770,1.98
3771,1.55
3772,1.1
3774,2.69
3775,4.89
3776,0.64
3778,3.19
3781,3.9
3782,1.91
3789,1.22
3796,1.36
3802,1.56
3803,0.65
3805,1.11
3807,1.31
3808,1.91
3809,4.95
3812,1.95
3814,2.4
3817,1.11
3821,4.52
3822,2.93
3823,2.0
3828,0.92
3832,4.61
3833,4.37
3835,4.99
3836,0.89
3837,1.08
3839,1.88
3842,0.63
3846,3.48
3848,3.05
3849,0.92
3850,2.85
3853,0.79
3854,1.34
3855,1.13
3856,1.78
3858,4.83
3862,1.7
3866,1.17
3869,4.29
3874,0.54
3875,0.82
3876,1.92
3879,0.78
3881,0.71
3882,1.81
3884,1.48
3888,1.71
3893,0.88
3896,1.49
3897,1.49
3898,0.57
3899,1.67
3901,1.2
3903,0.96
3913,1.93
3915,1.36
3917,4.67
3920,3.82
3925,0.53
3931,0.68
3934,3.53
3938,3.52
3944,0.9
3948,1.37
3952,1.74
3953,0.51
3955,1.77
3961,3.6
3962,0.65
3968,1.23
3971,0.93
3972,0.65
3980,1.85
3983,1.1
3985,4.92
3986,1.69
3991,1.24
3996,1.77
3999,2.16
4000,4.34
4001,3.32
4003,3.75
4004,0.64
4006,2.72
4007,1.88
4011,3.2
4012,0.53
4014,4.17
4018,1.09
4020,1.73
4021,1.74
4022,1.5
4023,3.78
4024,1.06
4025,0.96
4029,1.48
4034,0.55
4037,1.59
4038,3.03
4040,1.72
4041,3.31
4042,0.72
4043,3.53
4045,2.52
4046,1.63
4048,0.74
4051,1.94
4052,1.85
4054,1.03
4057,0.53
4059,3.49
4060,4.46
4061,2.17
4063,1.66
4064,3.8
4065,3.55
4072,1.39
4075,3.73
4076,1.27
4077,4.48
4080,4.22
4085,2.8
4091,0.98
4092,4.46
4093,3.88
4094,1.54
4096,1.23
4098,0.71
4099,1.39
4100,1.53
4102,0.57
4104,1.12
4105,1.95
4110,4.05
4111,4.76
4112,1.89
4122,4.83
4126,1.32
4128,1.26
4129,3.26
4133,1.93
4134,1.76
4135,1.61
4137,1.1
4138,1.78
4140,1.4
4143,1.85
4145,4.11
4149,1.53
4151,1.66
4153,1.61
4155,4.05
4157,0.87
4160,1.11
4166,0.8
4167,1.75
4170,1.77
4175,1.63
4179,0.93
4180,2.49
4182,1.01
4186,4.87
4195,0.74
4198,0.92
4200,3.1
4201,3.51
4203,3.06
4206,0.84
4207,3.5
4211,0.87
4216,1.6
4219,0.57
4221,1.15
4223,4.91
4224,3.78
4225,1.81
4227,4.23
4233,0.56
4237,2.94
4238,0.78
4240,4.89
4241,2.61
4242,1.96
4243,0.73
4247,1.83
4250,3.05
4255,2.6
4259,0.9
4262,1.94
4263,0.86
4264,1.14
4266,1.56
4268,1.36
4269,2.02
4271,4.38
4272,3.89
4274,1.68
4280,2.49
4281,1.53
4283,1.03
4284,2.99
4285,1.04
4289,0.98
4290,0.59
4292,4.36
4293,2.44
4294,1.85
4301,1.21
4302,1.73
4304,1.48
4306,1.55
4308,3.85
4314,4.23
4318,0.9
4320,4.39
4322,2.63
4323,1.04
4325,0.73
4326,0.74
4327,1.83
4336,1.03
4337,1.71
4340,1.98
4341,2.93
4343,1.73
4345,0.72
4349,3.64
4350,4.3
4351,2.73
4354,0.91
4357,0.65
4362,1.46
4365,1.57
4369,4.31
4370,4.67
4372,1.49
4375,0.5
4378,3.93
4380,0.79
4381,1.58
4384,1.18
4386,2.44
4388,4.78
4389,0.51
4390,1.36
4394,1.3
4401,3.25
4406,1.51
4407,4.76
4408,1.84
4412,2.22
4413,4.47
4421,2.44
4422,2.49
4425,0.52
4431,1.56
4432,1.55
4434,3.2
4435,0.71
4437,1.47
4438,0.54
4442,3.63
4443,1.17
4444,3.54
4451,4.1
4456,4.57
4459,1.93
4460,0.83
4465,0.74
4466,2.58
4467,3.15
4473,0.95
4474,1.97
4475,1.05
4479,0.75
4483,2.21
4484,1.3
4486,2.99
4489,1.82
4490,4.8
4492,1.15
4494,1.95
4500,0.52
4503,1.64
4506,1.04
4510,1.54
4511,2.09
4512,0.64
4525,1.3
4526,1.53
4531,1.2
4534,4.11
4537,1.14
4538,1.22
4540,0.77
4545,3.84
4548,0.63
4551,1.25
4552,0.68
4553,1.59
4558,2.64
4559,1.56
4560,2.57
4562,1.54
4565,1.28
4567,1.92
4570,2.09
4574,1.99
4575,0.61
4577,0.8
4582,1.49
4583,1.78
4585,0.71
4587,4.39
4588,0.6
4589,1.84
4592,1.1
4593,1.77
4595,1.52
4601,0.8
4604,1.94
4605,1.24
4606,4.82
4608,1.3
4611,0.77
4612,0.89
4614,0.53
4617,0.72
4620,0.53
4623,2.77
4625,1.17
4630,1.88
4631,3.91
4633,3.12
4635,1.88
4637,0.94
4639,1.24
4643,1.12
4645,1.55
4646,0.91
4648,4.0
4651,3.38
4655,1.03
4657,1.13
4659,0.93
4660,1.75
4663,1.72
4666,3.29
4670,0.67
4671,1.34
4673,1.8
4674,3.41
4676,0.52
4679,4.41
4680,1.15
4681,1.79
4683,0.88
4693,1.7
4695,3.98
4698,1.41
4700,1.2
4701,1.76
4703,1.14
4711,0.91
4714,1.25
4715,0.51
4720,1.85
4723,1.58
4725,1.16
4729,0.82
4731,1.23
4732,1.5
4734,0.56
4736,2.1
4737,2.58
4738,1.36
4742,1.37
4744,0.85
4745,1.84
4747,3.06
4748,2.21
4750,1.14
4753,1.16
4754,0.85
4755,1.74
4756,0.73
4757,1.42
4759,4.59
4761,0.68
4762,4.43
4765,3.6
4768,2.0
4771,1.39
4777,3.46
4779,1.72
4783,1.39
4784,1.58
4785,1.94
4786,2.98
4787,0.94
4788,1.17
4790,0.86
4791,4.17
4793,4.17
4795,4.99
4799,0.78
4805,1.16
4809,0.79
4811,1.81
4819,4.34
4821,1.97
4822,4.48
4823,0.58
4824,0.78
4825,1.93
4826,1.44
4828,2.96
4835,1.87
4837,3.6
4843,1.63
4845,1.38
4851,0.94
4852,1.6
4856,4.46
4857,1.71
4858,1.24
4860,4.34
4861,1.43
4862,3.66
4863,0.78
4865,3.59
4870,1.98
4871,1.73
4872,2.42
4873,1.01
4877,1.07
4879,2.29
4882,0.52
4885,1.13
4888,1.95
4890,0.55
4892,1.97
4893,2.21
4895,1.53
4899,0.56
4900,2.71
4904,1.52
4912,4.3
4913,3.78
4919,4.77
4921,4.06
4922,3.4
4924,0.92
4925,3.78
4929,0.92
4931,1.91
4932,4.96
4934,3.94
4935,1.9
4936,0.89
4937,1.6
4941,0.77
4944,0.51
4945,1.06
4946,1.66
4949,1.18
4951,0.68
4954,3.03
4958,2.86
4959,2.62
4961,3.61
4965,2.88
4970,1.63
4972,0.91
4976,4.59
4977,0.79
4978,0.84
4982,3.34
4984,1.0
4987,0.57
4988,1.62
4989,1.01
4992,1.6
4993,4.82
4994,1.13
4995,2.82
4999,4.8
5002,1.91
5003,3.64
5005,1.26
5006,0.88
5007,4.16
5012,0.5
5015,1.64
5024,1.97
5027,4.36
5030,0.94
5031,1.1
5032,0.82
5038,4.11
5039,1.45
5042,1.04
5043,3.03
5045,4.82
5046,1.88
5050,4.04
5051,0.99
5052,2.96
5055,1.06
5056,4.36
5061,4.91
5062,1.47
5063,2.7
5065,3.29
5066,1.36
5067,0.62
5069,0.97
5070,3.2
5076,4.24
5082,1.96
5083,1.74
5084,0.74
5087,2.19
5088,4.5
5089,0.69
5096,0.94
5097,0.64
5101,1.48
5103,1.06
5107,1.93
5109,4.71
5112,2.36
5113,3.47
5117,3.37
5118,1.16
5119,2.13
5120,1.46
5123,1.86
5126,1.29
5132,4.11
5134,1.92
5136,1.26
5140,1.91
5142,1.52
5149,4.67
5153,0.77
5154,1.03
5156,1.37
5159,1.07
5161,1.73
5164,4.12
5166,1.42
5168,0.79
5178,0.71
5181,1.91
5184,1.7
5187,1.9
5188,1.72
5194,1.67
5195,1.5
5196,2.92
5199,1.99
5201,0.61
5205,1.1
5206,3.96
5207,1.86
5208,0.78
5214,4.34
5216,0.6
5218,1.48
5221,0.99
5222,1.77
5224,4.67
5225,1.46
5226,1.28
5230,1.02
5232,1.57
5234,1.04
5236,1.87
5237,1.98
5238,1.76
5239,0.7
5247,1.98
5262,1.42
5263,1.93
5269,0.63
5272,0.81
5276,1.43
5280,0.83
5282,4.78
5283,1.36
5284,2.48
5286,3.63
5290,0.91
5295,4.11
5297,1.02
5301,0.73
5304,1.57
5307,1.45
5308,4.02
5309,1.19
5311,0.96
5312,1.92
5319,1.75
5326,1.58
5327,4.99
5332,1.06
5333,1.08
5338,3.68
5343,1.94
5344,3.48
5347,3.89
5348,1.84
5350,1.36
5351,1.9
5352,1.49
5354,1.2
5361,1.99
5362,1.11
5363,0.58
5367,1.41
5373,1.29
5378,0.7
5379,1.26
5383,1.53
5386,2.75
5387,1.33
5390,0.67
5394,2.89
5395,2.98
5398,1.35
5402,1.7
5406,1.18
5407,1.62
5408,4.1
5409,2.12
5410,0.67
5411,1.19
5412,4.91
5414,3.73
5417,1.43
5418,0.97
5419,1.73
5420,1.28
5422,1.81
5426,3.95
5430,0.55
5434,2.21
5438,1.37
5440,1.54
5442,4.15
5446,1.45
5447,0.66
5449,3.68
5452,0.77
5453,1.33
5454,4.98
5456,4.01
5457,1.81
5459,3.51
5462,1.61
5466,0.98
5467,0.97
5472,0.94
5474,1.49
5475,2.75
5478,3.52
5480,0.7
5482,0.84
5487,3.64
5490,0.93
5492,1.02
5495,0.55
5501,0.63
5503,1.82
5506,1.54
5507,1.75
5509,1.64
5512,1.96
5513,1.52
5514,1.38
5517,4.22
5519,3.86
5523,0.5
5532,2.83
5536,1.69
5538,4.15
5539,1.75
5541,1.48
5544,1.01
5546,1.73
5550,3.15
5551,1.9
5557,1.72
5560,0.58
5565,4.03
5567,3.17
5569,1.36
5571,1.97
5572,1.23
5574,1.67
5576,4.76
5578,2.28
5579,0.76
5580,0.84
5584,2.97
5589,1.52
5595,0.76
5596,0.51
5599,1.91
5602,0.61
5603,1.6
5607,0.98
5611,1.67
5612,1.25
5613,0.68
5614,0.68
5615,1.87
5618,4.49
5619,2.89
5620,0.84
5623,0.57
5624,1.14
5625,1.14
5629,0.74
5630,0.74
5637,4.97
5638,3.41
5639,1.26
5640,2.87
5643,3.46
5645,3.24
5648,1.2
5653,2.65
5654,1.17
5655,0.59
5657,1.63
5658,0.86
5664,0.87
5666,4.1
5667,4.82
5671,3.22
5672,1.88
5677,1.65
5679,0.72
5681,1.02
5685,3.16
5686,1.8
5687,1.25
5688,3.03
5689,2.75
5690,1.97
5693,1.94
5696,1.3
5698,1.8
5699,4.74
5702,1.54
5704,3.84
5708,1.67
5711,1.59
5712,3.07
5715,2.94
5716,1.67
5719,3.49
5721,1.91
5722,1.11
5727,2.54
5728,1.23
5730,3.88
5733,3.83
5736,2.0
5737,1.51
5738,4.75
5739,0.85
5740,0.68
5742,1.59
5744,2.21
5746,1.13
5747,4.42
5749,1.62
5750,3.25
5754,1.75
5756,0.52
5762,0.78
5764,1.8
5765,1.26
5766,1.15
5767,0.52
5778,0.84
5781,0.71
5783,1.06
5786,1.52
5789,1.16
5792,0.84
5798,2.3
5803,1.27
5804,2.59
5805,4.13
5808,4.42
5809,0.88
5813,1.46
5816,3.73
5818,0.73
5823,0.57
5828,1.61
5829,3.45
5830,0.8
5831,2.27
5833,1.24
5835,0.95
5837,3.92
5847,0.73
5848,3.97
5849,1.07
5850,1.88
5852,4.45
5853,0.57
5854,1.53
5855,3.62
5856,1.08
5858,1.54
5868,1.97
5869,0.73
5871,0.77
5874,0.55
5876,3.27
5878,0.84
5879,2.75
5881,1.83
5883,1.09
5887,4.77
5888,4.34
5896,3.22
5898,0.8
5901,0.54
5903,0.88
5905,0.98
5906,1.45
5909,1.64
5910,1.72
5913,1.17
5917,0.88
5918,3.66
5920,2.78
5921,2.09
5925,3.32
5926,1.33
5928,2.35
5931,1.77
5933,1.17
5936,4.37
5943,1.39
5945,0.79
5953,3.52
5954,3.66
5955,3.93
5959,1.6
5961,4.37
5962,1.9
5963,0.69
5964,1.24
5966,2.85
5967,2.61
5971,2.04
5972,1.42
5976,0.95
5977,1.53
5980,2.54
5982,2.43
5985,0.7
5991,2.71
5994,3.07
5998,3.78
6005,1.57
6006,1.69
6008,1.41
6010,3.87
6011,3.93
6012,1.97
6014,1.44
6017,1.89
6021,0.88
6026,0.54
6027,0.96
6028,1.51
6031,1.45
6033,0.57
6035,3.27
6045,2.08
6047,1.06
6048,0.8
6051,1.39
6052,1.85
6053,4.72
6063,1.21
6065,1.66
6066,1.26
6069,1.9
6072,0.53
6078,2.23
6082,1.39
6085,2.4
6089,1.76
6091,1.87
6093,1.59
6094,4.22
6095,3.85
6096,3.92
6099,1.39
6102,4.76
6109,0.52
6113,0.55
6116,3.12
6118,1.7
6121,0.93
6122,0.88
6123,3.51
6126,1.48
6127,0.87
6130,0.63
6131,2.02
6133,1.47
6137,0.61
6143,1.43
6144,4.17
6145,3.06
6146,1.46
6148,1.75
6151,3.37
6153,0.67
6156,2.8
6158,1.26
6160,2.49
6163,3.21
6165,0.77
6166,0.73
6168,0.6
6169,0.83
6170,1.94
6172,1.95
6174,3.26
6176,1.31
6177,1.52
6182,1.74
6185,1.07
6188,0.72
6190,1.47
6193,2.52
6201,3.5
6203,4.23
6204,2.49
6207,1.4
6210,0.94
6212,2.52
6213,1.23
6215,0.7
6218,2.1
6221,4.87
6224,0.52
6226,0.79
6228,1.16
6229,4.7
6230,0.6
6231,0.68
6232,1.21
6234,1.96
6238,1.97
6240,4.51
6241,4.83
6242,0.89
6243,2.26
6246,1.49
6247,0.8
6255,2.5
6258,2.12
6260,1.62
6264,1.53
6265,1.8
6272,0.7
6277,3.56
6282,1.9
6284,4.76
6286,0.57
6289,3.86
6292,1.58
6295,1.78
6305,3.84
6308,1.91
6309,1.75
6311,1.65
6314,1.07
6315,0.8
6316,0.58
6320,2.4
6321,2.27
6323,0.82
6327,0.86
6328,3.06
6332,1.32
6333,2.22
6334,3.26
6336,1.79
6342,0.79
6347,1.2
6348,3.18
6350,1.35
6351,1.7
6352,1.58
6355,2.23
6356,4.66
6358,3.85
6364,1.26
6368,3.59
6371,1.74
6372,2.62
6379,1.72
6381,0.61
6382,2.5
6383,3.67
6385,2.67
6386,1.82
6399,4.26
6402,0.57
6406,1.11
6410,2.28
6412,1.81
6414,0.86
6415,1.16
6417,0.7
6419,0.67
6420,3.38
6423,4.51
6424,1.03
6431,4.23
6436,0.78
6437,1.2
6438,0.69
6441,4.89
6449,4.69
6450,4.19
6451,1.63
6454,0.65
6459,1.6
6464,3.71
6465,2.3
6466,2.18
6470,1.14
6471,4.43
6474,0.71
6478,0.8
6479,1.36
6482,2.82
6485,1.19
6486,1.95
6493,0.78
6495,3.28
6498,1.76
6500,1.24
6504,3.61
6508,1.18
6509,1.69
6512,0.9
6514,1.37
6518,1.39
6525,3.38
6526,1.25
6530,1.84
6531,3.16
6532,2.35
6537,3.21
6538,1.36
6540,0.64
6541,2.31
6543,1.65
6544,2.09
6545,1.25
6548,0.67
6553,1.29
6561,2.19
6563,3.25
6564,0.88
6566,2.38
6568,1.04
6573,1.98
6574,4.07
6577,4.55
6580,1.56
6582,3.13
6584,2.24
6595,0.8
6597,1.34
6598,0.81
6599,1.5
6603,3.5
6608,0.52
6609,1.72
6615,0.63
6616,1.47
6621,1.24
6625,0.51
6630,0.89
6632,1.29
6637,1.14
6641,1.35
6643,1.18
6646,1.56
6647,1.02
6648,0.53
6649,1.57
6650,1.72
6652,4.31
6662,0.75
6663,1.22
6664,0.7
6667,1.05
6668,3.57
6670,1.55
6674,0.55
6677,1.59
6679,1.32
6682,0.81
6684,1.92
6689,1.42
6691,1.22
6694,1.63
6695,1.57
6697,2.98
6699,3.32
6700,0.52
6706,4.04
6707,3.79
6710,2.49
6711,3.06
6713,3.47
6718,0.71
6720,1.16
6726,1.46
6727,3.03
6730,1.33
6732,0.93
6734,1.08
6738,2.57
6743,1.22
6744,4.89
6747,0.65
6748,4.2
6752,4.23
6753,1.18
6754,4.84
6755,0.96
6757,1.28
6760,0.84
6761,1.56
6766,1.92
6767,1.61
6771,0.91
6773,0.93
6774,0.93
6775,0.62
6778,0.95
6779,1.66
6782,1.72
6783,4.86
6784,0.73
6789,1.18
6792,4.33
6793,0.9
6797,0.83
6799,3.6
6802,1.82
6806,1.15
6807,1.44
6810,1.28
6811,1.75
6812,2.44
6814,1.26
6817,1.45
6822,0.64
6823,1.35
6825,0.56
6827,0.8
6830,3.38
6831,1.19
6833,0.68
6834,3.7
6836,1.46
6840,1.55
6841,1.11
6845,1.37
6847,0.72
6849,1.96
6852,1.48
6855,1.59
6856,1.53
6859,2.98
6861,1.43
6864,1.06
6866,1.67
6869,1.55
6870,2.0
6873,2.55
6876,0.53
6877,1.15
6879,1.28
6886,0.85
6887,0.98
6888,0.88
6889,4.44
6890,1.12
6891,0.59
6893,1.65
6896,1.88
6898,4.36
6900,1.2
6901,4.44
6907,1.76
6908,1.1
6909,1.5
6910,0.98
6911,1.55
6912,3.02
6913,0.96
6914,1.21
6915,1.91
6917,1.17
6919,0.79
6920,0.56
6927,1.6
6928,1.37
6930,1.96
6933,4.0
6934,1.73
6936,1.18
6938,1.29
6940,0.8
6942,0.85
6943,0.69
6949,3.41
6950,2.77
6951,3.68
6953,1.91
6961,1.51
6962,4.28
6963,1.4
6965,1.38
6966,1.16
6969,1.8
6972,1.79
6973,1.77
6974,4.12
6976,0.74
6977,2.6
6978,4.61
6982,3.0
6984,0.97
6986,1.54
6987,1.43
6988,1.29
6989,0.78
6990,1.82
6993,3.98
6998,4.37
6999,1.47
7000,1.91
7003,1.76
7004,1.52
7010,4.13
7011,3.42
7013,4.7
7015,1.14
7016,1.36
7019,4.55
7021,1.98
7025,3.5
7026,4.73
7029,4.39
7031,3.59
7037,0.68
7039,2.65
7040,1.11
7041,1.96
7046,1.18
7049,1.16
7051,1.33
7053,2.21
7054,1.18
7056,3.76
7065,0.86
7066,1.97
7067,0.87
7068,4.53
7076,0.63
7083,3.82
7084,1.01
7085,0.68
7088,0.83
7089,4.02
7093,3.37
7096,0.96
7099,4.71
7106,4.56
7107,1.92
7110,0.51
7111,1.02
7116,2.49
7117,1.27
7119,1.65
7121,1.92
7125,0.64
7126,1.78
7127,3.17
7132,1.51
7133,1.88
7134,1.15
7135,1.34
7138,1.83
7144,0.53
7147,4.51
7150,4.11
7155,0.75
7156,1.92
7159,3.9
7162,4.6
7163,0.89
7166,3.91
7168,1.52
7172,1.03
7173,2.81
7177,0.85
7181,1.98
7183,0.89
7184,1.12
7186,1.22
7189,0.86
7190,3.66
7191,0.61
7194,1.12
7195,3.94
7196,0.65
7197,1.19
7202,0.66
7208,3.74
7210,1.66
7212,0.83
7213,1.08
7217,2.62
7218,0.91
7219,2.35
7225,0.61
7227,1.17
7233,4.66
7237,0.65
7239,1.54
7243,2.71
7250,2.52
7253,1.99
7254,1.55
7256,1.75
7258,1.17
7261,3.65
7262,0.72
7264,3.89
7266,1.77
7267,0.81
7268,1.02
7270,1.94
7271,1.96
7272,2.06
7274,1.62
7276,3.77
7278,1.58
7284,1.43
7287,3.16
7288,1.49
7291,4.19
7294,2.43
7298,4.03
7302,1.5
7303,4.31
7304,1.75
7306,4.18
7308,1.65
7309,0.88
7310,3.18
7315,1.48
7320,4.03
7322,1.86
7324,1.65
7327,1.57
7328,1.15
7329,4.64
7335,1.57
7337,2.88
7341,0.8
7343,2.85
7346,2.24
7350,0.86
7351,3.57
7352,1.97
7355,1.24
7357,3.37
7360,2.36
7361,3.6
7362,1.95
7364,1.42
7366,2.62
7369,1.61
7373,3.02
7375,1.34
7376,1.94
7380,3.01
7381,4.58
7382,1.4
7387,1.97
7389,2.3
7395,1.81
7396,0.89
7398,3.65
7400,0.56
7410,3.43
7412,1.18
7416,0.93
7417,1.65
7418,2.0
7421,1.0
7422,4.07
7423,3.04
7425,1.74
7428,2.91
7429,1.73
7432,4.57
7434,1.39
7435,3.25
7440,0.77
7442,3.27
7445,1.45
7449,1.38
7454,1.23
7458,2.33
7459,4.89
7462,1.04
7464,1.88
7469,1.76
7470,0.86
7471,3.38
7475,2.26
7476,2.27
7478,1.84
7480,1.5
7483,0.87
7485,4.56
7488,0.58
7491,0.7
7496,1.01
7502,4.69
7503,4.5
7512,1.95
7516,1.39
7522,0.58
7526,0.96
7530,2.84
7532,2.6
7534,1.17
7538,1.93
7546,1.44
7548,0.93
7549,3.92
7551,1.33
7553,1.91
7557,1.44
7558,2.63
7561,3.68
7572,4.76
7575,1.07
7576,0.83
7578,3.42
7583,1.23
7588,1.27
7589,1.33
7590,1.4
7593,2.74
7597,0.53
7601,0.83
7602,0.56
7603,1.47
7604,1.64
7606,4.15
7607,0.79
7609,0.84
7612,0.84
7615,1.05
7619,1.27
7620,3.03
7621,0.99
7622,2.65
7623,4.89
7630,0.7
7633,0.75
7635,1.31
7637,0.77
7638,0.83
7639,1.94
7640,2.46
7644,4.15
7646,1.95
7647,0.72
7650,3.28
7651,3.11
7652,0.77
7655,1.42
7660,0.92
7666,2.53
7668,1.34
7670,1.8
7674,1.43
7677,0.66
7679,0.61
7684,1.15
7691,1.29
7692,0.95
7693,0.79
7696,3.74
7697,0.97
7699,1.2
7701,0.58
7702,1.62
7703,1.54
7710,3.65
7713,2.16
7714,1.6
7717,2.15
7719,3.27
7722,1.7
7725,0.78
7728,1.88
7730,2.09
7734,0.89
7738,2.55
7739,1.12
7740,4.01
7741,0.95
7742,1.99
7743,1.42
7745,1.43
7749,0.84
7750,0.52
7753,3.97
7754,1.47
7755,1.74
7757,3.89
7758,1.85
7764,0.62
7765,0.69
7767,1.37
7770,4.31
7773,1.61
7778,1.2
7779,4.92
7780,4.88
7781,0.88
7782,4.99
7783,1.46
7785,0.55
7786,0.7
7787,3.08
7788,0.81
7791,1.62
7792,0.87
7793,0.97
7795,1.93
7796,0.96
7797,0.97
7798,1.83
7799,0.58
7801,1.65
7807,3.37
7809,1.41
7810,1.02
7811,4.1
7812,0.78
7819,4.8
7824,0.8
7825,0.96
7826,4.99
7827,1.16
7829,4.78
7832,1.92
7833,0.67
7839,3.68
7840,1.93
7841,1.01
7842,1.36
7843,1.68
7844,1.23
7847,1.37
7849,1.46
7850,1.6
7854,1.87
7856,0.58
7857,4.66
7863,1.17
7866,1.06
7872,1.01
7873,4.36
7874,2.36
7875,3.1
7879,2.54
7882,4.97
7884,1.67
7887,1.62
7888,2.49
7889,3.46
7891,4.23
7893,0.89
7895,1.45
7897,1.07
7899,2.48
7902,1.97
7912,1.25
7913,1.02
7914,1.65
7916,1.64
7918,4.93
7919,4.84
7922,0.67
7924,0.86
7926,0.72
7928,4.01
7929,3.62
7930,1.95
7932,3.0
7934,1.46
7939,0.93
7942,1.39
7945,0.99
7948,4.68
7949,1.51
7951,1.37
7953,1.19
7955,1.03
7961,1.53
7966,2.65
7967,4.51
7969,1.97
7974,4.17
7975,2.02
7977,1.11
7979,2.69
7981,3.1
7982,1.93
7983,1.72
7984,2.75
7986,1.69
7989,1.24
7998,1.33
7999,1.6
8001,0.89
8002,1.44
8003,3.2
8004,0.52
8005,2.71
8008,1.12
8009,0.68
8015,2.42
8016,1.44
8017,2.11
8019,1.54
8023,3.86
8026,0.71
8032,0.57
8036,4.52
8037,1.45
8039,0.99
8042,2.76
8043,2.09
8047,0.62
8049,1.48
8050,1.1
8053,0.9
8054,1.67
8059,2.7
8070,1.98
8071,3.12
8072,0.71
8073,0.93
8077,0.63
8080,1.82
8081,1.33
8085,4.67
8088,1.05
8098,1.45
8100,2.89
8102,1.76
8104,4.82
8105,1.78
8106,4.17
8107,1.35
8110,4.47
8113,1.73
8116,1.49
8117,4.57
8118,0.83
8119,0.82
8120,1.08
8124,1.05
8126,1.85
8128,1.45
8132,1.04
8139,1.47
8140,3.28
8141,1.88
8142,1.33
8147,2.16
8148,4.56
8151,0.69
8158,2.17
8159,1.31
8165,1.07
8168,2.09
8177,1.25
8178,1.06
8179,2.26
8180,0.61
8186,3.9
8188,1.28
8192,1.89
8195,4.31
8199,1.13
8200,1.53
8202,3.96
8205,0.57
8207,4.5
8208,0.85
8212,4.17
8214,1.67
8217,1.32
8218,4.48
8219,2.93
8220,1.37
8221,0.67
8223,0.7
8224,1.28
8227,3.65
8229,0.75
8238,1.44
8241,1.35
8243,1.9
8246,4.74
8247,1.79
8248,1.07
8249,4.91
8259,0.6
8260,1.12
8262,0.51
8268,4.95
8269,2.96
8270,3.68
8271,1.1
8273,1.85
8274,3.26
8278,3.52
8280,4.33
8281,1.84
8285,0.54
8290,1.67
8291,2.41
8293,1.71
8295,2.4
8299,1.83
8301,1.92
8307,1.38
8309,1.74
8310,3.07
8312,0.93
8317,1.83
8318,2.11
8319,1.25
8320,1.05
8325,1.53
8328,0.89
8329,2.27
8330,4.77
8333,1.06
8334,1.0
8337,1.9
8338,1.93
8340,1.5
8343,4.7
8344,0.55
8345,3.2
8346,0.55
8347,2.99
8348,1.8
8351,1.76
8354,0.94
8356,1.64
8359,4.78
8360,3.71
8364,1.27
8366,1.49
8367,1.13
8368,0.84
8372,1.91
8375,2.3
8378,1.33
8381,2.23
8382,3.62
8386,2.4
8387,1.47
8392,1.57
8396,1.05
8399,0.88
8405,3.1
8406,1.7
8412,0.54
8413,1.73
8417,4.25
8418,1.96
8419,2.92
8424,1.45
8428,1.31
8432,0.88
8435,0.84
8438,1.34
8444,0.61
8445,2.45
8448,3.47
8450,1.91
8452,1.11
8453,0.8
8455,1.06
8457,4.08
8459,0.52
8461,1.38
8462,1.8
8465,4.43
8468,0.85
8469,3.66
8470,1.72
8475,3.89
8478,1.63
8485,1.76
8486,3.77
8487,1.3
8489,2.31
8491,0.83
8492,1.53
8494,1.81
8498,1.98
8503,4.12
8505,1.63
8507,3.61
8508,0.85
8509,4.52
8513,1.87
8523,1.13
8528,2.48
8529,4.93
8531,1.55
8533,3.59
8536,1.05
8540,1.91
8542,2.09
8543,1.99
8544,1.18
8551,0.63
8552,1.49
8555,2.64
8559,3.8
8565,3.5
8566,1.14
8567,2.58
8571,0.92
8574,1.71
8582,1.27
8584,2.62
8585,1.27
8586,0.7
8588,4.53
8591,2.43
8592,0.8
8593,1.28
8595,0.8
8598,1.36
8603,0.56
8609,3.45
8611,1.83
8614,1.44
8617,4.93
8618,1.84
8619,1.88
8622,1.75
8625,1.43
8628,0.73
8629,1.26
8630,0.77
8634,2.13
8636,1.14
8640,1.69
8641,1.99
8645,1.56
8646,1.3
8649,4.5
8650,4.94
8654,1.41
8655,1.69
8656,0.7
8657,4.38
8658,3.63
8662,2.75
8667,2.77
8668,2.54
8671,1.63
8673,4.12
8677,3.27
8685,1.3
8688,0.53
8690,1.1
8691,3.82
8696,0.99
8698,1.02
8699,0.66
8701,1.32
8702,3.4
8705,2.14
8706,0.76
8707,1.79
8709,2.93
8712,1.38
8715,0.84
8718,2.97
8719,1.24
8721,1.57
8722,4.39
8729,1.12
8731,1.47
8733,0.84
8734,0.8
8736,1.48
8737,1.1
8739,1.53
8740,1.36
8749,1.15
8753,4.69
8754,1.23
8757,1.8
8758,3.01
8759,1.01
8761,4.47
8764,1.55
8765,0.73
8766,1.76
8775,1.36
8776,1.9
8778,1.31
8783,0.94
8785,0.82
8786,2.01
8788,4.16
8789,1.18
8790,2.94
8792,3.21
8794,0.93
8795,4.35
8797,1.03
8800,3.45
8801,1.31
8803,1.66
8804,2.47
8805,2.17
8808,3.48
8812,3.49
8816,1.11
8817,4.3
8820,4.75
8821,1.99
8824,1.26
8827,0.53
8831,0.79
8832,2.68
8834,1.78
8835,1.01
8836,4.82
8837,2.09
8841,0.79
8844,1.21
8847,1.28
8854,1.62
8855,1.18
8856,4.92
8857,3.89
8865,1.56
8868,0.73
8869,0.89
8872,0.63
8879,1.13
8880,3.66
8882,1.55
8884,3.91
8888,2.41
8890,1.62
8895,0.75
8896,1.74
8897,1.47
8901,1.57
8903,1.41
8904,0.98
8908,0.6
8912,0.89
8915,1.21
8918,1.8
8919,4.01
8921,2.14
8924,1.91
8925,1.91
8926,2.32
8927,4.27
8928,3.59
8931,4.6
8932,0.61
8934,1.81
8935,2.0
8937,1.64
8938,4.23
8943,0.71
8944,1.2
8945,1.18
8949,1.68
8950,4.56
8951,4.92
8952,0.88
8954,2.66
8956,2.37
8963,0.96
8964,1.5
8965,3.57
8968,2.52
8970,0.88
8971,4.66
8972,2.88
8974,2.28
8975,1.38
8978,1.79
8979,2.92
8980,1.29
8983,3.38
8989,1.01
8990,1.74
8991,0.5
8992,3.25
8993,0.76
8995,0.63
8998,1.81
9000,3.76
9001,1.21
9002,1.86
9006,1.07
9010,0.8
9014,0.74
9021,2.6
9023,0.64
9024,1.01
9029,4.84
9030,1.83
9037,0.79
9038,2.42
9044,4.18
9048,3.43
9050,0.74
9051,0.76
9052,4.37
9056,1.84
9059,1.52
9060,1.24
9061,3.1
9062,1.86
9069,4.56
9073,1.0
9074,3.45
9078,3.92
9081,0.51
9082,4.96
9083,1.06
9085,1.6
9089,1.85
9092,1.03
9094,1.0
9095,4.81
9097,1.03
9099,0.66
9100,0.81
9103,1.06
9105,4.89
9111,0.54
9112,1.91
9116,1.07
9120,1.48
9122,0.57
9123,1.88
9124,1.55
9126,1.68
9127,1.28
9131,1.04
9132,0.9
9134,1.16
9135,0.97
9137,2.61
9138,4.21
9139,1.13
9141,1.68
9144,1.21
9147,1.61
9152,2.24
9155,1.16
9162,0.54
9164,4.45
9165,1.62
9166,2.71
9167,2.74
9169,0.71
9171,1.34
9172,3.02
9176,1.94
9180,3.34
9181,1.65
9182,1.98
9184,3.0
9185,4.6
9186,1.58
9187,1.0
9188,4.28
9189,3.23
9190,1.44
9197,4.44
9201,1.4
9202,2.95
9203,2.69
9205,4.44
9207,0.95
9211,0.63
9213,1.19
9223,4.38
9228,0.65
9229,0.77
9231,2.79
9234,0.99
9238,1.0
9240,1.63
9241,0.89
9243,0.75
9245,3.23
9256,2.71
9259,2.53
9264,1.23
9265,1.36
9266,4.14
9268,0.81
9269,1.9
9270,1.03
9271,1.81
9273,0.93
9274,1.45
9275,3.88
9278,0.96
9280,0.62
9284,1.83
9287,0.84
9293,3.18
9294,4.01
9297,2.72
9298,0.63
9302,1.31
9317,1.24
9318,0.96
9319,2.58
9320,0.57
9322,0.64
9325,1.59
9328,0.51
9330,3.85
9336,1.61
9338,0.6
9339,1.41
9341,1.83
9346,2.4
9353,3.83
9360,1.48
9362,1.86
9368,0.51
9378,4.35
9379,2.79
9383,0.88
9386,4.95
9392,1.49
9395,3.6
9403,4.09
9406,0.91
9408,4.22
9411,4.96
9413,1.23
9414,1.46
9415,0.57
9417,1.6
9422,1.27
9423,2.51
9424,1.08
9427,1.28
9428,0.82
9435,4.54
9436,2.91
9438,2.0
9439,3.21
9441,1.79
9442,3.41
9443,2.4
9444,1.44
9445,1.74
9447,4.74
9453,1.51
9454,1.44
9458,4.29
9459,0.75
9462,1.18
9464,2.17
9469,1.22
9471,0.72
9473,0.83
9475,1.3
9476,1.0
9478,1.94
9479,1.92
9480,0.5
9484,4.97
9485,3.94
9491,3.72
9497,3.34
9498,1.62
9500,0.77
9504,1.09
9505,1.95
9506,0.67
9507,1.04
9509,1.28
9510,4.18
9511,3.68
9517,1.52
9519,1.03
9521,1.97
9522,2.97
9523,1.16
9524,0.84
9527,1.15
9528,1.64
9529,3.36
9530,1.39
9531,0.64
9534,3.7
9535,1.49
9540,1.4
9541,0.9
9542,4.87
9545,1.05
9547,4.68
9549,4.48
9550,3.45
9552,1.12
9554,1.69
9560,1.3
9561,1.84
9563,1.58
9566,1.67
9567,0.66
9570,2.06
9572,1.06
9573,1.84
9574,1.47
9575,1.17
9576,3.76
9579,4.04
9585,4.54
9590,1.38
9592,3.59
9593,1.21
9594,1.4
9595,4.9
9597,0.53
9600,2.77
9602,3.57
9603,0.62
9606,4.5
9608,0.68
9609,1.51
9610,0.97
9612,4.16
9614,3.59
9615,1.05
9616,1.95
9617,4.69
9620,1.0
9622,2.43
9624,1.19
9627,1.61
9630,0.6
9631,2.39
9636,1.13
9637,1.8
9638,0.52
9639,4.22
9641,0.58
9642,0.54
9644,3.58
9645,4.69
9648,0.99
9650,1.75
9651,4.78
9652,1.54
9662,0.88
9663,3.86
9666,1.36
9684,1.46
9685,1.99
9686,4.38
9688,1.61
9690,4.1
9691,1.29
9694,1.63
9702,3.15
9703,1.4
9707,0.7
9708,4.6
9709,1.34
9714,0.94
9720,1.9
9721,3.62
9722,2.1
9725,2.42
9726,1.44
9727,3.1
9731,4.04
9734,2.86
9735,5.0
9738,4.85
9739,1.84
9741,2.07
9744,2.93
9749,1.72
9753,3.72
9754,1.73
9759,1.92
9763,0.97
9766,0.96
9768,2.37
9770,4.12
9772,1.2
9773,1.53
9774,4.24
9775,1.0
9777,0.64
9778,4.78
9779,3.92
9784,0.95
9785,3.43
9786,2.92
9787,3.28
9788,2.23
9790,0.52
9795,0.65
9797,1.79
9798,1.02
9800,0.55
9801,2.82
9802,0.82
9803,0.73
9810,0.54
9811,1.21
9812,0.73
9813,1.04
9814,1.64
9817,0.62
9822,1.2
9823,1.01
9824,3.2
9826,0.53
9827,3.85
9831,3.06
9832,3.53
9833,1.88
9835,3.61
9838,0.54
9840,1.54
9842,1.73
9846,1.17
9847,4.96
9849,0.94
9851,3.11
9853,3.0
9855,2.53
9858,1.92
9859,3.27
9864,3.29
9865,0.55
9866,2.54
9868,3.07
9871,4.71
9872,4.38
9873,1.37
9877,3.48
9883,1.71
9888,0.6
9889,0.68
9891,1.55
9892,1.23
9894,1.65
9895,1.7
9897,0.79
9906,4.52
9908,0.9
9910,1.67
9911,0.93
9914,2.02
9920,4.11
9922,3.78
9924,1.42
9925,1.6
9929,0.97
9930,1.36
9934,2.73
9936,3.79
9943,1.15
9944,4.47
9945,0.89
9947,2.08
9948,0.9
9951,0.77
9953,0.58
9957,1.01
9959,1.22
9960,1.18
9964,1.15
9967,1.17
9968,3.44
9970,0.65
9971,0.83
9974,4.83
9976,1.53
9977,0.82
9980,1.85
9981,1.0
9986,3.68
9989,0.88
9990,4.54
9992,1.93
9995,1.03
9998,0.97
