dni_persona,fecha_ingreso,inicio_turno,fin_turno,salario
40099396,2021-12-26,08:00:00,17:00:00,2830.98
53357453,2023-03-29,08:00:00,17:00:00,3205.72
66666479,2022-12-20,08:00:00,17:00:00,3664.41
20606865,2022-04-04,08:00:00,17:00:00,4410.88
46205392,2021-09-04,08:00:00,17:00:00,4875.08
74997033,2022-02-06,08:00:00,17:00:00,3619.19
17475307,2022-10-08,08:00:00,17:00:00,3367.91
11065064,2023-06-25,08:00:00,17:00:00,4108.75
42875228,2023-01-19,08:00:00,17:00:00,4295.21
94561482,2022-04-19,08:00:00,17:00:00,3570.24
70166954,2021-04-11,08:00:00,17:00:00,2686.05
28754381,2023-11-20,08:00:00,17:00:00,4017.02
72875995,2021-10-24,08:00:00,17:00:00,4445.51
62003387,2021-01-21,08:00:00,17:00:00,4242.73
87433369,2023-03-29,08:00:00,17:00:00,2612.65
85782887,2023-08-05,08:00:00,17:00:00,4254.15
61119356,2023-09-17,08:00:00,17:00:00,2634.45
96707342,2022-09-24,08:00:00,17:00:00,4807.61
43427807,2021-03-21,08:00:00,17:00:00,3073.88
89575901,2023-06-17,08:00:00,17:00:00,4967.6
80590520,2021-07-06,08:00:00,17:00:00,3031.33
38752753,2021-01-04,08:00:00,17:00:00,3261.85
55857860,2023-05-14,08:00:00,17:00:00,3293.97
46911113,2024-04-26,08:00:00,17:00:00,4767.29
34646275,2022-05-05,08:00:00,17:00:00,4798.44
45082887,2023-08-11,08:00:00,17:00:00,3387.05
14717513,2023-09-21,08:00:00,17:00:00,4134.4
79002887,2022-01-18,08:00:00,17:00:00,3684.73
45463991,2021-08-30,08:00:00,17:00:00,4225.41
33162566,2023-01-10,08:00:00,17:00:00,3392.43
75943029,2023-01-01,08:00:00,17:00:00,2840.82
77727900,2023-02-06,08:00:00,17:00:00,3362.64
83025476,2023-05-04,08:00:00,17:00:00,4932.77
76570464,2021-06-26,08:00:00,17:00:00,2514.4
39364572,2021-08-13,08:00:00,17:00:00,3854.37
27947383,2023-01-05,08:00:00,17:00:00,3158.44
72256221,2022-05-31,08:00:00,17:00:00,4884.51
20604005,2021-04-07,08:00:00,17:00:00,3391.24
72330963,2021-10-02,08:00:00,17:00:00,2990.61
42371801,2022-04-15,08:00:00,17:00:00,3408.6
63033300,2021-08-10,08:00:00,17:00:00,2658.64
24212046,2021-05-14,08:00:00,17:00:00,3927.32
22041907,2024-01-03,08:00:00,17:00:00,4632.33
82985779,2023-12-10,08:00:00,17:00:00,3455.05
44678331,2021-01-24,08:00:00,17:00:00,3387.52
72259752,2022-05-10,08:00:00,17:00:00,4959.17
25356361,2021-04-21,08:00:00,17:00:00,3565.68
73314452,2022-10-06,08:00:00,17:00:00,4732.87
66583187,2020-06-29,08:00:00,17:00:00,2524.44
38745131,2023-09-05,08:00:00,17:00:00,2745.67
14755688,2022-10-09,08:00:00,17:00:00,4749.1
19871091,2022-02-22,08:00:00,17:00:00,3994.87
89615560,2024-01-23,08:00:00,17:00:00,4845.21
19648300,2021-01-06,08:00:00,17:00:00,4660.24
47637227,2021-12-27,08:00:00,17:00:00,4577.79
48035397,2022-11-15,08:00:00,17:00:00,3675.9
79229392,2021-03-10,08:00:00,17:00:00,4964.69
25246949,2021-09-24,08:00:00,17:00:00,4831.66
81029483,2023-05-12,08:00:00,17:00:00,3781.04
13684901,2022-01-13,08:00:00,17:00:00,3015.22
69788926,2023-12-04,08:00:00,17:00:00,4562.96
15873088,2021-10-17,08:00:00,17:00:00,3816.64
64447525,2022-05-19,08:00:00,17:00:00,3127.51
34541259,2021-11-05,08:00:00,17:00:00,4988.12
12087021,2020-12-25,08:00:00,17:00:00,4830.14
48427742,2021-11-29,08:00:00,17:00:00,3811.62
47152107,2023-10-24,08:00:00,17:00:00,4374.34
17427059,2021-03-20,08:00:00,17:00:00,3239.32
88902123,2023-01-28,08:00:00,17:00:00,3193.83
74940467,2023-10-08,08:00:00,17:00:00,2696.12
29446349,2021-04-05,08:00:00,17:00:00,4468.58
94333551,2023-02-06,08:00:00,17:00:00,2962.72
87663888,2023-03-01,08:00:00,17:00:00,4781.25
33615188,2022-04-08,08:00:00,17:00:00,3605.02
81026672,2020-11-02,08:00:00,17:00:00,2995.84
35530375,2021-04-30,08:00:00,17:00:00,2656.04
64851231,2021-02-05,08:00:00,17:00:00,4596.57
38623866,2020-10-07,08:00:00,17:00:00,4088.59
58525831,2023-07-22,08:00:00,17:00:00,4828.21
45970639,2023-11-10,08:00:00,17:00:00,4811.38
82889094,2022-10-22,08:00:00,17:00:00,4204.55
31958628,2022-04-03,08:00:00,17:00:00,3607.93
26758509,2024-01-23,08:00:00,17:00:00,3018.15
32074603,2021-04-10,08:00:00,17:00:00,3366.76
76153795,2022-01-24,08:00:00,17:00:00,2956.63
37044946,2024-05-06,08:00:00,17:00:00,4490.44
59143787,2020-10-15,08:00:00,17:00:00,4314.34
48742151,2024-03-12,08:00:00,17:00:00,4707.69
41438998,2024-01-04,08:00:00,17:00:00,3987.51
45596105,2022-10-26,08:00:00,17:00:00,3503.47
36851006,2023-04-11,08:00:00,17:00:00,4565.25
60035864,2021-05-29,08:00:00,17:00:00,3264.47
23475532,2021-09-09,08:00:00,17:00:00,4496.95
55315685,2020-11-19,08:00:00,17:00:00,3274.92
47214901,2023-12-04,08:00:00,17:00:00,3582.78
83871316,2023-08-10,08:00:00,17:00:00,2823.07
42037831,2020-10-21,08:00:00,17:00:00,4261.43
31098364,2020-09-18,08:00:00,17:00:00,3162.01
63049271,2022-03-08,08:00:00,17:00:00,3054.81
96780925,2021-02-17,08:00:00,17:00:00,4611.89
41358032,2023-06-28,08:00:00,17:00:00,4456.54
95851580,2022-09-15,08:00:00,17:00:00,4022.37
93968345,2023-02-05,08:00:00,17:00:00,4699.99
18360722,2021-10-16,08:00:00,17:00:00,2828.74
15956365,2022-03-04,08:00:00,17:00:00,4328.21
40560732,2023-02-01,08:00:00,17:00:00,4991.75
75096726,2023-07-08,08:00:00,17:00:00,2979.26
15626949,2023-09-22,08:00:00,17:00:00,4492.13
98960844,2022-04-18,08:00:00,17:00:00,3855.98
10659513,2023-10-15,08:00:00,17:00:00,2698.44
39822445,2024-06-23,08:00:00,17:00:00,4261.32
24113978,2024-02-21,08:00:00,17:00:00,3497.74
46178414,2022-09-16,08:00:00,17:00:00,2817.61
15270777,2021-10-31,08:00:00,17:00:00,3658.76
33004174,2020-11-17,08:00:00,17:00:00,4831.72
88363829,2022-08-26,08:00:00,17:00:00,4627.38
42870666,2021-10-19,08:00:00,17:00:00,2985.35
13121645,2020-10-02,08:00:00,17:00:00,3003.63
99482707,2023-09-30,08:00:00,17:00:00,3639.46
35106167,2023-11-16,08:00:00,17:00:00,3037.8
24692485,2022-09-19,08:00:00,17:00:00,3637.36
62296101,2023-06-19,08:00:00,17:00:00,2514.4
79932592,2021-12-05,08:00:00,17:00:00,3656.15
33652701,2022-09-01,08:00:00,17:00:00,4865.43
62878007,2022-11-18,08:00:00,17:00:00,3243.43
71399451,2023-09-22,08:00:00,17:00:00,4545.89
49661142,2021-04-23,08:00:00,17:00:00,4001.58
16431912,2020-07-16,08:00:00,17:00:00,3765.07
25204991,2023-01-14,08:00:00,17:00:00,3078.94
68363664,2023-07-16,08:00:00,17:00:00,4969.38
32521743,2020-07-15,08:00:00,17:00:00,2735.24
69169477,2023-05-14,08:00:00,17:00:00,4387.27
18531489,2021-03-26,08:00:00,17:00:00,4116.58
67828019,2022-12-27,08:00:00,17:00:00,4225.24
62097388,2023-01-30,08:00:00,17:00:00,3801.4
67263050,2022-05-29,08:00:00,17:00:00,3164.61
17382450,2024-01-22,08:00:00,17:00:00,2836.26
26013028,2022-06-29,08:00:00,17:00:00,3501.82
76926784,2022-12-28,08:00:00,17:00:00,3201.65
38702936,2023-05-16,08:00:00,17:00:00,4256.08
63883249,2021-03-10,08:00:00,17:00:00,4020.46
24892958,2021-02-09,08:00:00,17:00:00,3550.61
97470515,2020-10-19,08:00:00,17:00:00,2935.29
57278119,2024-01-22,08:00:00,17:00:00,2714.2
21543485,2023-02-27,08:00:00,17:00:00,3399.28
66722810,2021-07-27,08:00:00,17:00:00,2548.79
62279782,2023-07-10,08:00:00,17:00:00,3527.95
22429002,2022-10-06,08:00:00,17:00:00,3143.23
43996583,2021-11-09,08:00:00,17:00:00,2659.7
53399624,2021-01-22,08:00:00,17:00:00,3788.7
52662931,2024-03-02,08:00:00,17:00:00,4237.54
86211765,2022-05-03,08:00:00,17:00:00,2738.55
46563316,2023-02-24,08:00:00,17:00:00,2989.36
38767437,2023-01-10,08:00:00,17:00:00,3080.78
62063524,2023-07-17,08:00:00,17:00:00,3438.08
80615810,2023-02-18,08:00:00,17:00:00,3008.02
35939025,2020-11-23,08:00:00,17:00:00,3493.36
92796564,2024-03-31,08:00:00,17:00:00,3358.47
55410928,2023-09-11,08:00:00,17:00:00,3556.92
43092043,2020-12-04,08:00:00,17:00:00,4528.55
50434632,2020-08-14,08:00:00,17:00:00,3329.41
64935476,2021-08-10,08:00:00,17:00:00,2986.01
28261179,2023-06-10,08:00:00,17:00:00,2607.49
79350213,2021-06-05,08:00:00,17:00:00,3669.39
86245147,2020-11-23,08:00:00,17:00:00,3689.64
48849314,2023-10-20,08:00:00,17:00:00,3452.15
11686287,2024-06-17,08:00:00,17:00:00,3071.39
24728939,2023-02-09,08:00:00,17:00:00,3634.01
75875461,2022-06-15,08:00:00,17:00:00,4865.36
50722534,2021-02-01,08:00:00,17:00:00,3045.5
28073787,2024-06-26,08:00:00,17:00:00,4970.04
98949653,2021-08-21,08:00:00,17:00:00,2702.26
74917586,2022-01-27,08:00:00,17:00:00,2923.22
39406769,2021-06-07,08:00:00,17:00:00,3790.02
94409465,2021-10-25,08:00:00,17:00:00,3850.42
89956260,2023-11-10,08:00:00,17:00:00,3046.53
52290567,2023-03-04,08:00:00,17:00:00,3466.74
81002072,2021-07-19,08:00:00,17:00:00,3590.68
22573899,2023-04-04,08:00:00,17:00:00,2872.4
90944901,2021-06-23,08:00:00,17:00:00,2915.62
59672053,2022-10-12,08:00:00,17:00:00,3147.3
23407297,2020-08-23,08:00:00,17:00:00,4496.49
46046965,2022-05-13,08:00:00,17:00:00,2872.1
57622752,2022-12-27,08:00:00,17:00:00,4242.11
48116523,2021-12-02,08:00:00,17:00:00,4182.06
42401493,2023-02-25,08:00:00,17:00:00,4578.22
48234707,2020-10-10,08:00:00,17:00:00,4476.96
24739480,2024-05-02,08:00:00,17:00:00,4815.88
79934940,2024-01-28,08:00:00,17:00:00,4782.95
28098056,2023-05-26,08:00:00,17:00:00,3862.87
51661464,2020-07-02,08:00:00,17:00:00,3193.92
46004048,2021-07-05,08:00:00,17:00:00,3203.68
30362857,2022-07-23,08:00:00,17:00:00,2770.25
59330536,2021-02-21,08:00:00,17:00:00,4807.13
81842546,2020-12-11,08:00:00,17:00:00,4057.57
66365938,2022-02-05,08:00:00,17:00:00,3898.04
64571181,2021-01-26,08:00:00,17:00:00,4818.89
57610178,2023-10-14,08:00:00,17:00:00,2640.69
16952031,2024-01-25,08:00:00,17:00:00,4151.76
58170570,2020-10-10,08:00:00,17:00:00,4791.37
54291741,2023-07-15,08:00:00,17:00:00,3279.42
77282842,2021-09-15,08:00:00,17:00:00,4841.46
92157659,2024-03-07,08:00:00,17:00:00,4545.36
12781339,2021-06-01,08:00:00,17:00:00,2506.26
35170451,2022-05-23,08:00:00,17:00:00,3223.91
15130035,2020-09-14,08:00:00,17:00:00,3699.86
45886890,2024-04-10,08:00:00,17:00:00,2653.13
45650658,2023-02-03,08:00:00,17:00:00,3821.73
45427789,2023-04-04,08:00:00,17:00:00,4839.75
32509361,2020-11-12,08:00:00,17:00:00,3583.34
86893385,2023-08-05,08:00:00,17:00:00,2654.49
68327671,2022-04-30,08:00:00,17:00:00,4151.71
96560090,2020-07-02,08:00:00,17:00:00,3767.39
47779596,2022-08-29,08:00:00,17:00:00,2699.5
77305230,2023-07-19,08:00:00,17:00:00,3525.47
88855575,2021-01-19,08:00:00,17:00:00,3921.16
91003345,2020-07-18,08:00:00,17:00:00,4390.64
72531066,2022-09-04,08:00:00,17:00:00,3002.36
44290107,2022-04-23,08:00:00,17:00:00,3534.15
80747610,2024-01-29,08:00:00,17:00:00,3702.0
16521605,2023-02-28,08:00:00,17:00:00,4789.92
92521084,2024-05-02,08:00:00,17:00:00,4654.55
96712527,2022-08-29,08:00:00,17:00:00,3967.77
16224247,2021-04-26,08:00:00,17:00:00,4903.09
78195242,2024-03-28,08:00:00,17:00:00,2961.61
22781973,2024-02-12,08:00:00,17:00:00,3134.39
63758975,2023-04-12,08:00:00,17:00:00,2559.1
20113671,2024-04-18,08:00:00,17:00:00,4519.64
95296430,2021-08-30,08:00:00,17:00:00,3097.72
82409167,2021-01-01,08:00:00,17:00:00,2822.38
97829990,2023-03-12,08:00:00,17:00:00,2918.17
57581774,2021-02-16,08:00:00,17:00:00,2541.64
21269389,2023-04-08,08:00:00,17:00:00,4818.31
66827745,2022-01-26,08:00:00,17:00:00,2623.08
86196684,2021-09-07,08:00:00,17:00:00,3539.14
91206047,2023-04-24,08:00:00,17:00:00,4781.44
69198448,2023-04-26,08:00:00,17:00:00,4438.01
19809532,2020-07-12,08:00:00,17:00:00,3485.99
92152594,2023-06-16,08:00:00,17:00:00,3164.58
88321178,2022-04-15,08:00:00,17:00:00,4764.36
48441495,2021-07-10,08:00:00,17:00:00,4958.96
65793295,2022-12-05,08:00:00,17:00:00,2571.51
52609829,2023-10-11,08:00:00,17:00:00,3449.11
48832719,2021-08-31,08:00:00,17:00:00,3046.29
48005372,2020-11-25,08:00:00,17:00:00,2924.21
38380969,2020-08-04,08:00:00,17:00:00,3072.0
75603989,2020-11-02,08:00:00,17:00:00,4147.24
30934642,2022-03-25,08:00:00,17:00:00,3455.29
48899502,2024-05-06,08:00:00,17:00:00,2917.9
24887720,2022-07-15,08:00:00,17:00:00,3025.49
99714385,2020-09-14,08:00:00,17:00:00,2897.41
42052208,2020-09-29,08:00:00,17:00:00,2793.03
24926180,2021-03-12,08:00:00,17:00:00,4275.31
53735553,2021-07-26,08:00:00,17:00:00,3071.7
56102845,2020-12-12,08:00:00,17:00:00,2807.26
44707728,2022-03-10,08:00:00,17:00:00,4841.23
13644109,2023-08-02,08:00:00,17:00:00,4529.56
14532604,2022-07-11,08:00:00,17:00:00,2577.72
45263590,2024-04-11,08:00:00,17:00:00,4791.76
21728539,2023-07-05,08:00:00,17:00:00,2918.22
91628750,2022-03-31,08:00:00,17:00:00,3485.85
36100283,2024-02-15,08:00:00,17:00:00,4097.26
14767387,2023-01-20,08:00:00,17:00:00,4867.77
75231617,2022-03-15,08:00:00,17:00:00,3904.72
58712970,2021-12-16,08:00:00,17:00:00,3159.81
77047683,2022-09-07,08:00:00,17:00:00,4704.43
31682769,2022-10-15,08:00:00,17:00:00,2888.1
46866891,2022-12-02,08:00:00,17:00:00,3472.19
43456662,2023-01-19,08:00:00,17:00:00,3737.65
52489585,2024-06-23,08:00:00,17:00:00,3220.61
20040314,2022-08-13,08:00:00,17:00:00,4161.9
61518438,2021-08-14,08:00:00,17:00:00,3667.74
57977690,2023-06-17,08:00:00,17:00:00,4855.41
41881393,2021-10-17,08:00:00,17:00:00,2754.22
30150338,2020-10-11,08:00:00,17:00:00,4970.01
15674552,2023-11-02,08:00:00,17:00:00,4947.87
21877716,2024-02-18,08:00:00,17:00:00,3202.56
87743386,2020-08-05,08:00:00,17:00:00,4722.33
29159112,2024-04-11,08:00:00,17:00:00,4035.87
65548422,2024-04-16,08:00:00,17:00:00,2924.79
22684090,2023-08-16,08:00:00,17:00:00,3739.09
24346423,2023-03-21,08:00:00,17:00:00,2631.28
61082693,2023-07-06,08:00:00,17:00:00,3232.0
69254998,2021-10-09,08:00:00,17:00:00,4108.26
73654235,2020-12-22,08:00:00,17:00:00,3404.22
27236083,2021-05-31,08:00:00,17:00:00,3610.09
15757165,2023-05-23,08:00:00,17:00:00,4809.07
95260292,2023-08-30,08:00:00,17:00:00,3503.31
40602893,2024-05-10,08:00:00,17:00:00,4463.83
99894679,2020-08-28,08:00:00,17:00:00,4699.41
60634453,2023-10-16,08:00:00,17:00:00,3959.81
56010045,2020-07-14,08:00:00,17:00:00,4402.66
79427865,2022-11-28,08:00:00,17:00:00,4176.92
33711443,2024-02-18,08:00:00,17:00:00,4864.47
13655705,2022-03-01,08:00:00,17:00:00,3265.06
50018198,2023-08-14,08:00:00,17:00:00,2526.09
80269330,2021-01-28,08:00:00,17:00:00,3310.33
98245111,2020-11-25,08:00:00,17:00:00,2651.53
10769881,2021-05-17,08:00:00,17:00:00,4269.78
66639536,2024-04-27,08:00:00,17:00:00,4676.45
67009903,2023-06-19,08:00:00,17:00:00,3953.9
40625087,2024-01-18,08:00:00,17:00:00,2723.27
58010885,2021-07-07,08:00:00,17:00:00,4848.8
69921257,2024-03-15,08:00:00,17:00:00,2967.71
62782082,2020-08-24,08:00:00,17:00:00,4495.97
87974525,2022-07-28,08:00:00,17:00:00,2730.22
32915569,2023-07-24,08:00:00,17:00:00,3459.47
89403141,2022-09-29,08:00:00,17:00:00,4616.73
67915207,2022-07-31,08:00:00,17:00:00,4982.19
63393174,2024-06-15,08:00:00,17:00:00,4794.05
77150012,2022-12-11,08:00:00,17:00:00,4678.03
69366901,2022-06-05,08:00:00,17:00:00,3995.83
27822023,2023-10-14,08:00:00,17:00:00,4713.6
16830549,2023-03-10,08:00:00,17:00:00,3240.19
68096726,2023-12-16,08:00:00,17:00:00,3706.63
63599765,2023-06-23,08:00:00,17:00:00,2795.36
92069010,2023-01-30,08:00:00,17:00:00,3088.19
73620866,2021-07-15,08:00:00,17:00:00,4026.3
18545632,2024-05-31,08:00:00,17:00:00,2683.29
23780922,2021-07-26,08:00:00,17:00:00,4722.57
76489283,2024-06-19,08:00:00,17:00:00,4725.13
41007874,2021-11-26,08:00:00,17:00:00,4342.88
37328903,2024-04-30,08:00:00,17:00:00,3167.88
39217422,2023-01-29,08:00:00,17:00:00,2788.25
94802149,2021-04-25,08:00:00,17:00:00,4440.61
76158964,2021-11-02,08:00:00,17:00:00,2867.7
50981967,2023-07-24,08:00:00,17:00:00,3478.78
59720053,2023-11-05,08:00:00,17:00:00,4228.76
25781105,2022-10-09,08:00:00,17:00:00,3818.29
40441938,2020-09-13,08:00:00,17:00:00,3442.32
31898748,2021-09-20,08:00:00,17:00:00,4019.97
10920007,2022-06-22,08:00:00,17:00:00,4568.76
96648525,2020-07-10,08:00:00,17:00:00,3747.42
69574744,2021-01-14,08:00:00,17:00:00,3178.3
77793769,2023-10-09,08:00:00,17:00:00,2755.44
39068917,2022-07-13,08:00:00,17:00:00,4421.16
73350266,2023-08-19,08:00:00,17:00:00,2940.02
25488514,2021-08-06,08:00:00,17:00:00,4500.89
35403558,2020-12-26,08:00:00,17:00:00,4498.56
66385207,2020-10-06,08:00:00,17:00:00,3518.57
94470485,2021-01-05,08:00:00,17:00:00,3540.78
70581582,2021-07-10,08:00:00,17:00:00,4059.13
83116169,2021-01-09,08:00:00,17:00:00,3946.24
75006645,2021-01-06,08:00:00,17:00:00,4917.05
38114239,2021-03-30,08:00:00,17:00:00,3419.49
92599909,2021-08-05,08:00:00,17:00:00,2932.85
44506689,2021-11-16,08:00:00,17:00:00,3648.15
40553305,2023-04-11,08:00:00,17:00:00,2521.44
57670571,2024-06-26,08:00:00,17:00:00,3676.94
83850857,2020-07-14,08:00:00,17:00:00,4829.0
20146406,2022-12-29,08:00:00,17:00:00,2633.24
74579141,2022-03-16,08:00:00,17:00:00,2969.67
80043016,2024-03-19,08:00:00,17:00:00,3846.49
71895706,2024-01-06,08:00:00,17:00:00,2798.65
10975660,2023-09-10,08:00:00,17:00:00,3916.81
36850878,2022-08-07,08:00:00,17:00:00,4916.06
46019589,2024-02-10,08:00:00,17:00:00,4988.91
14706802,2024-02-11,08:00:00,17:00:00,2857.98
75774876,2022-06-24,08:00:00,17:00:00,4726.76
63391690,2022-07-07,08:00:00,17:00:00,2751.41
48172927,2022-01-24,08:00:00,17:00:00,2651.04
19317483,2020-08-26,08:00:00,17:00:00,2857.39
62752639,2022-11-11,08:00:00,17:00:00,4804.01
26902104,2023-01-21,08:00:00,17:00:00,4314.41
12471029,2022-05-01,08:00:00,17:00:00,2961.24
18792073,2021-11-19,08:00:00,17:00:00,4091.23
66824947,2023-08-22,08:00:00,17:00:00,4401.44
98102773,2021-03-21,08:00:00,17:00:00,3899.69
59212764,2020-08-09,08:00:00,17:00:00,4176.83
27199557,2024-02-24,08:00:00,17:00:00,4791.42
34738067,2023-03-09,08:00:00,17:00:00,4336.33
21636827,2022-03-29,08:00:00,17:00:00,4120.39
43377794,2022-08-24,08:00:00,17:00:00,3914.6
31320333,2024-05-03,08:00:00,17:00:00,3843.58
50923026,2023-05-27,08:00:00,17:00:00,4436.35
69397312,2022-04-21,08:00:00,17:00:00,4189.42
76218237,2023-11-02,08:00:00,17:00:00,4545.39
14889817,2024-06-07,08:00:00,17:00:00,3588.73
90001103,2022-06-15,08:00:00,17:00:00,4839.38
38413933,2022-06-01,08:00:00,17:00:00,3276.36
26403705,2020-12-30,08:00:00,17:00:00,3178.51
58044207,2021-11-15,08:00:00,17:00:00,2948.81
55782660,2022-04-06,08:00:00,17:00:00,3907.99
23563333,2020-10-11,08:00:00,17:00:00,3877.42
37316999,2021-05-03,08:00:00,17:00:00,4968.83
64077521,2022-06-15,08:00:00,17:00:00,4940.31
91977616,2021-09-05,08:00:00,17:00:00,3880.43
47881761,2023-02-05,08:00:00,17:00:00,3503.92
26021233,2023-05-20,08:00:00,17:00:00,3215.4
39227095,2022-02-25,08:00:00,17:00:00,2768.7
94811006,2021-03-30,08:00:00,17:00:00,3118.84
60071169,2021-04-24,08:00:00,17:00:00,2887.6
52443937,2024-02-16,08:00:00,17:00:00,3554.7
72498420,2023-09-15,08:00:00,17:00:00,4958.39
54310854,2020-09-13,08:00:00,17:00:00,2639.28
98162632,2024-01-24,08:00:00,17:00:00,3497.99
40152657,2022-07-14,08:00:00,17:00:00,2715.47
66615859,2022-11-18,08:00:00,17:00:00,4121.43
28841262,2024-03-15,08:00:00,17:00:00,4010.6
92656071,2023-09-06,08:00:00,17:00:00,3723.38
45990664,2021-06-07,08:00:00,17:00:00,4274.43
63697458,2021-10-21,08:00:00,17:00:00,3444.54
14750238,2024-05-26,08:00:00,17:00:00,2827.9
82224204,2022-12-12,08:00:00,17:00:00,4058.59
59726098,2020-11-20,08:00:00,17:00:00,4241.05
79023001,2022-03-16,08:00:00,17:00:00,2912.81
61414415,2022-08-30,08:00:00,17:00:00,4595.81
44514060,2021-04-25,08:00:00,17:00:00,4446.75
46161968,2023-07-12,08:00:00,17:00:00,4052.72
90299681,2020-12-26,08:00:00,17:00:00,4851.19
82170084,2021-09-24,08:00:00,17:00:00,4982.5
93237730,2022-03-04,08:00:00,17:00:00,3323.76
96095862,2022-05-22,08:00:00,17:00:00,4553.73
48209097,2022-02-17,08:00:00,17:00:00,3286.68
39185129,2023-11-10,08:00:00,17:00:00,4710.53
53364399,2020-07-12,08:00:00,17:00:00,2987.15
28539989,2021-06-25,08:00:00,17:00:00,3059.38
18161715,2023-09-18,08:00:00,17:00:00,4956.02
98636350,2020-10-10,08:00:00,17:00:00,3596.7
91781691,2024-02-12,08:00:00,17:00:00,3334.37
76812925,2022-01-17,08:00:00,17:00:00,3549.58
75003030,2020-09-11,08:00:00,17:00:00,4579.68
86964580,2021-10-13,08:00:00,17:00:00,2599.09
67350063,2021-08-31,08:00:00,17:00:00,4727.61
19985828,2022-04-29,08:00:00,17:00:00,3368.15
48148870,2024-04-25,08:00:00,17:00:00,4553.86
43303910,2022-08-01,08:00:00,17:00:00,4178.22
29483184,2022-12-03,08:00:00,17:00:00,3085.53
74645530,2023-06-26,08:00:00,17:00:00,3934.69
22403549,2023-03-17,08:00:00,17:00:00,3029.72
19055685,2020-09-06,08:00:00,17:00:00,4273.97
99488427,2022-06-10,08:00:00,17:00:00,2838.83
28426491,2024-06-19,08:00:00,17:00:00,4534.35
13321661,2021-05-27,08:00:00,17:00:00,3980.09
26442937,2022-04-09,08:00:00,17:00:00,2698.53
21525432,2022-12-21,08:00:00,17:00:00,2761.13
15947854,2024-06-16,08:00:00,17:00:00,4942.55
53220227,2022-07-15,08:00:00,17:00:00,4355.17
92839318,2023-01-04,08:00:00,17:00:00,4809.6
68206576,2022-10-31,08:00:00,17:00:00,2950.34
52683713,2022-09-14,08:00:00,17:00:00,4891.05
57338589,2022-12-21,08:00:00,17:00:00,2782.4
21335597,2021-03-30,08:00:00,17:00:00,4137.74
78262532,2024-05-21,08:00:00,17:00:00,3356.13
95468383,2021-06-23,08:00:00,17:00:00,4941.16
73185390,2021-03-26,08:00:00,17:00:00,3977.46
76148768,2023-08-23,08:00:00,17:00:00,3202.15
35569361,2021-12-28,08:00:00,17:00:00,3987.3
49425085,2022-02-25,08:00:00,17:00:00,4007.42
58058474,2024-03-29,08:00:00,17:00:00,4268.89
76755297,2023-07-15,08:00:00,17:00:00,3125.09
38336126,2024-01-17,08:00:00,17:00:00,4941.58
92591665,2023-07-07,08:00:00,17:00:00,2519.31
94555100,2022-07-15,08:00:00,17:00:00,2852.55
91501712,2021-07-11,08:00:00,17:00:00,3035.04
64645395,2023-02-08,08:00:00,17:00:00,4692.48
80365259,2021-08-01,08:00:00,17:00:00,3265.27
86586598,2021-06-26,08:00:00,17:00:00,2550.25
87243975,2021-02-13,08:00:00,17:00:00,2769.22
80492391,2022-10-31,08:00:00,17:00:00,4643.56
16091847,2022-02-01,08:00:00,17:00:00,2517.13
47237238,2021-06-11,08:00:00,17:00:00,2738.08
96676581,2024-05-21,08:00:00,17:00:00,4779.74
58253822,2021-04-14,08:00:00,17:00:00,3590.67
59422304,2020-12-01,08:00:00,17:00:00,3372.46
14768057,2024-03-02,08:00:00,17:00:00,4226.81
19707347,2021-08-17,08:00:00,17:00:00,3650.75
36910540,2024-06-10,08:00:00,17:00:00,4783.77
35221657,2022-10-31,08:00:00,17:00:00,3264.75
14320828,2023-08-10,08:00:00,17:00:00,4261.99
75553883,2023-10-17,08:00:00,17:00:00,3675.54
17651120,2022-03-28,08:00:00,17:00:00,3611.22
10713623,2023-07-20,08:00:00,17:00:00,3772.89
58127340,2022-09-18,08:00:00,17:00:00,2582.19
48161486,2024-01-17,08:00:00,17:00:00,3647.75
19935794,2023-06-27,08:00:00,17:00:00,2602.0
75262558,2022-05-07,08:00:00,17:00:00,3803.29
23241720,2020-07-04,08:00:00,17:00:00,4521.43
53688404,2021-11-23,08:00:00,17:00:00,4909.47
77412882,2021-05-15,08:00:00,17:00:00,4826.03
75263006,2020-08-09,08:00:00,17:00:00,3537.29
26308385,2021-12-03,08:00:00,17:00:00,3280.24
38545264,2023-05-15,08:00:00,17:00:00,2992.83
83116417,2020-09-03,08:00:00,17:00:00,4736.43
23031041,2022-10-27,08:00:00,17:00:00,2631.61
86407349,2021-04-21,08:00:00,17:00:00,3839.59
75598205,2022-05-20,08:00:00,17:00:00,3675.63
58669970,2021-05-24,08:00:00,17:00:00,3380.45
47306791,2023-06-09,08:00:00,17:00:00,4927.76
12772004,2023-07-03,08:00:00,17:00:00,4258.76
28168834,2022-05-05,08:00:00,17:00:00,3579.1
68354322,2024-02-25,08:00:00,17:00:00,3730.38
30108760,2021-01-16,08:00:00,17:00:00,2738.86
84525146,2021-06-17,08:00:00,17:00:00,3341.58
28058869,2024-06-01,08:00:00,17:00:00,4380.7
81431088,2020-10-27,08:00:00,17:00:00,4891.74
22354962,2022-06-20,08:00:00,17:00:00,3433.57
35848911,2023-01-13,08:00:00,17:00:00,4240.04
89880206,2022-04-30,08:00:00,17:00:00,4232.06
41690516,2021-12-23,08:00:00,17:00:00,4073.13
62631731,2022-04-25,08:00:00,17:00:00,4251.62
50166460,2024-02-04,08:00:00,17:00:00,3787.11
13900309,2023-04-22,08:00:00,17:00:00,4231.41
53997543,2022-01-24,08:00:00,17:00:00,4825.37
68462232,2021-09-25,08:00:00,17:00:00,4076.41
80697882,2022-06-25,08:00:00,17:00:00,4660.2
34729882,2023-10-08,08:00:00,17:00:00,3014.43
91178507,2022-11-10,08:00:00,17:00:00,4902.64
46853875,2021-07-17,08:00:00,17:00:00,3159.19
97743065,2021-08-07,08:00:00,17:00:00,4647.33
24245024,2022-05-24,08:00:00,17:00:00,4371.51
54845902,2023-11-29,08:00:00,17:00:00,2747.21
33175794,2024-01-26,08:00:00,17:00:00,4790.94
84929909,2022-02-15,08:00:00,17:00:00,4995.42
74771226,2024-05-17,08:00:00,17:00:00,3530.65
12628022,2024-05-30,08:00:00,17:00:00,4998.18
64522465,2022-05-19,08:00:00,17:00:00,2814.07
81277765,2022-02-17,08:00:00,17:00:00,3878.91
85811821,2021-03-14,08:00:00,17:00:00,2843.33
97862823,2023-03-07,08:00:00,17:00:00,4831.4
29886059,2020-11-24,08:00:00,17:00:00,3827.03
25372637,2021-04-19,08:00:00,17:00:00,3858.52
74223089,2023-08-05,08:00:00,17:00:00,3543.8
50989975,2022-08-30,08:00:00,17:00:00,2504.19
28852428,2023-03-26,08:00:00,17:00:00,2810.49
20995636,2022-11-23,08:00:00,17:00:00,4890.24
76989951,2021-04-20,08:00:00,17:00:00,3015.16
40110423,2021-01-02,08:00:00,17:00:00,4148.0
57289679,2021-04-20,08:00:00,17:00:00,3263.2
30473982,2023-03-28,08:00:00,17:00:00,4656.73
39047323,2024-03-08,08:00:00,17:00:00,3479.31
79372612,2021-07-17,08:00:00,17:00:00,3081.03
24591972,2023-04-30,08:00:00,17:00:00,2723.77
50180713,2021-05-01,08:00:00,17:00:00,4421.32
52826592,2023-05-25,08:00:00,17:00:00,4846.41
34127220,2021-03-02,08:00:00,17:00:00,3281.87
58896012,2024-03-05,08:00:00,17:00:00,2987.57
30631401,2021-12-14,08:00:00,17:00:00,3975.31
49189600,2022-06-03,08:00:00,17:00:00,2573.22
44470648,2022-09-16,08:00:00,17:00:00,2747.29
46434527,2024-03-29,08:00:00,17:00:00,3108.31
12585972,2021-11-11,08:00:00,17:00:00,4540.13
20071405,2021-08-29,08:00:00,17:00:00,2812.1
67628183,2021-06-27,08:00:00,17:00:00,4757.37
75445207,2023-05-21,08:00:00,17:00:00,4028.46
19322179,2021-09-19,08:00:00,17:00:00,2699.77
42381386,2021-06-05,08:00:00,17:00:00,3119.87
50438565,2022-01-01,08:00:00,17:00:00,3088.17
81063868,2023-11-29,08:00:00,17:00:00,4930.75
89890322,2020-12-19,08:00:00,17:00:00,4400.62
19937254,2021-09-13,08:00:00,17:00:00,4788.61
99115010,2020-09-19,08:00:00,17:00:00,2668.84
25885199,2023-01-07,08:00:00,17:00:00,3160.74
43441627,2023-08-13,08:00:00,17:00:00,4650.84
14987789,2023-08-20,08:00:00,17:00:00,4767.02
10212025,2021-01-12,08:00:00,17:00:00,4781.35
55798251,2023-08-08,08:00:00,17:00:00,4287.46
69240412,2023-06-09,08:00:00,17:00:00,3537.66
83403353,2021-03-30,08:00:00,17:00:00,3050.65
51165331,2022-09-12,08:00:00,17:00:00,3910.86
40492902,2022-05-02,08:00:00,17:00:00,2873.33
80726201,2021-05-31,08:00:00,17:00:00,3562.12
47281336,2021-06-16,08:00:00,17:00:00,4315.72
13802526,2020-07-17,08:00:00,17:00:00,4922.26
48099027,2022-12-01,08:00:00,17:00:00,3898.71
90608560,2020-09-03,08:00:00,17:00:00,4549.27
48364246,2024-05-26,08:00:00,17:00:00,3312.76
34332822,2021-07-03,08:00:00,17:00:00,4119.23
69885280,2020-09-10,08:00:00,17:00:00,4812.19
63561512,2023-03-16,08:00:00,17:00:00,4015.84
65220725,2020-10-16,08:00:00,17:00:00,4895.48
14803110,2021-06-02,08:00:00,17:00:00,4752.21
88164258,2020-12-16,08:00:00,17:00:00,2876.79
53223394,2020-07-15,08:00:00,17:00:00,4805.48
73736176,2022-07-03,08:00:00,17:00:00,3505.86
33750115,2022-01-07,08:00:00,17:00:00,4408.41
93092836,2020-11-13,08:00:00,17:00:00,3600.88
96867314,2023-06-03,08:00:00,17:00:00,2601.34
43631610,2022-02-20,08:00:00,17:00:00,3737.34
77802432,2023-04-20,08:00:00,17:00:00,3821.52
67185675,2023-12-13,08:00:00,17:00:00,4407.61
89552186,2023-10-19,08:00:00,17:00:00,3701.9
77245532,2024-01-03,08:00:00,17:00:00,4240.82
72026618,2021-08-29,08:00:00,17:00:00,3784.4
76478584,2023-11-12,08:00:00,17:00:00,3563.46
66635330,2020-12-19,08:00:00,17:00:00,3274.61
61122212,2022-06-10,08:00:00,17:00:00,4211.13
15302425,2021-03-06,08:00:00,17:00:00,3699.08
20403686,2021-11-17,08:00:00,17:00:00,2729.31
95993814,2023-12-04,08:00:00,17:00:00,2826.21
83011430,2020-09-10,08:00:00,17:00:00,2734.72
36408354,2023-03-03,08:00:00,17:00:00,4449.17
74534239,2023-02-15,08:00:00,17:00:00,2535.35
54826518,2021-07-15,08:00:00,17:00:00,2912.68
88236920,2023-04-25,08:00:00,17:00:00,2600.02
93139138,2022-11-18,08:00:00,17:00:00,3523.36
52154531,2024-05-06,08:00:00,17:00:00,3045.32
74905314,2023-01-16,08:00:00,17:00:00,3379.5
41773149,2023-03-27,08:00:00,17:00:00,3131.26
76339066,2021-03-17,08:00:00,17:00:00,3506.19
94889772,2022-07-13,08:00:00,17:00:00,4475.8
62512861,2023-01-09,08:00:00,17:00:00,3223.34
71613281,2023-02-26,08:00:00,17:00:00,4070.48
49863126,2024-06-03,08:00:00,17:00:00,3981.45
52176531,2023-10-29,08:00:00,17:00:00,2785.43
83614925,2023-06-29,08:00:00,17:00:00,2644.19
43404476,2022-06-13,08:00:00,17:00:00,3401.66
71864495,2020-11-11,08:00:00,17:00:00,2544.75
42602496,2023-05-11,08:00:00,17:00:00,3517.49
38221663,2022-01-19,08:00:00,17:00:00,2710.25
24045382,2023-12-19,08:00:00,17:00:00,3895.37
78297334,2021-05-23,08:00:00,17:00:00,3419.1
88992163,2022-12-06,08:00:00,17:00:00,3574.43
46139446,2020-08-05,08:00:00,17:00:00,3946.2
82641774,2020-08-05,08:00:00,17:00:00,4997.83
10799799,2022-07-15,08:00:00,17:00:00,4087.93
48403204,2021-06-27,08:00:00,17:00:00,4448.07
27454489,2022-11-10,08:00:00,17:00:00,3744.72
48411372,2023-06-10,08:00:00,17:00:00,2965.19
45377794,2022-03-29,08:00:00,17:00:00,4577.62
38230234,2021-11-10,08:00:00,17:00:00,2948.45
65245742,2020-10-01,08:00:00,17:00:00,4852.35
49802987,2021-01-19,08:00:00,17:00:00,3543.64
77844767,2022-08-21,08:00:00,17:00:00,4987.63
34051379,2023-10-25,08:00:00,17:00:00,3024.92
85383316,2021-05-02,08:00:00,17:00:00,4940.14
20693341,2023-04-22,08:00:00,17:00:00,3238.04
20870864,2023-11-19,08:00:00,17:00:00,2761.13
89400465,2023-11-20,08:00:00,17:00:00,4019.27
23324884,2022-12-04,08:00:00,17:00:00,4515.88
52194074,2023-07-30,08:00:00,17:00:00,4772.21
16083281,2021-06-29,08:00:00,17:00:00,3843.94
10939662,2020-10-06,08:00:00,17:00:00,2920.42
13778989,2024-03-31,08:00:00,17:00:00,3529.49
11766017,2022-10-26,08:00:00,17:00:00,4663.07
47365543,2021-11-12,08:00:00,17:00:00,2705.35
92150061,2022-01-12,08:00:00,17:00:00,3141.85
41969404,2021-10-27,08:00:00,17:00:00,4605.3
43677268,2021-12-28,08:00:00,17:00:00,2684.13
32107566,2023-02-27,08:00:00,17:00:00,4777.17
66081000,2023-09-15,08:00:00,17:00:00,3460.61
68069494,2023-03-01,08:00:00,17:00:00,3070.82
84122835,2024-01-09,08:00:00,17:00:00,2886.71
35408728,2024-01-13,08:00:00,17:00:00,4699.74
69751279,2021-12-12,08:00:00,17:00:00,3049.09
83904324,2024-04-27,08:00:00,17:00:00,4409.41
23105025,2021-01-17,08:00:00,17:00:00,2568.44
72221318,2020-09-14,08:00:00,17:00:00,3438.27
27833853,2022-10-19,08:00:00,17:00:00,4573.92
35569067,2020-10-08,08:00:00,17:00:00,3765.23
72203123,2021-02-07,08:00:00,17:00:00,3466.9
64827097,2020-12-22,08:00:00,17:00:00,2583.34
82299687,2021-11-12,08:00:00,17:00:00,4101.64
30494512,2021-03-03,08:00:00,17:00:00,4406.54
50354022,2022-07-27,08:00:00,17:00:00,4069.39
68160123,2023-03-21,08:00:00,17:00:00,3770.88
26142084,2021-11-28,08:00:00,17:00:00,3521.56
66947588,2022-12-14,08:00:00,17:00:00,3491.62
11131609,2022-11-15,08:00:00,17:00:00,4757.45
76163161,2024-04-03,08:00:00,17:00:00,3949.17
66734652,2021-03-10,08:00:00,17:00:00,3957.12
13806546,2021-10-01,08:00:00,17:00:00,4845.3
91455807,2021-02-22,08:00:00,17:00:00,3879.02
66039837,2023-10-01,08:00:00,17:00:00,2696.57
32236443,2024-03-05,08:00:00,17:00:00,3885.54
66800122,2020-11-15,08:00:00,17:00:00,3916.28
46915500,2022-02-23,08:00:00,17:00:00,3367.79
84691865,2024-01-13,08:00:00,17:00:00,4888.85
16537443,2023-08-27,08:00:00,17:00:00,3372.27
16278420,2021-10-06,08:00:00,17:00:00,2642.23
40553961,2020-09-22,08:00:00,17:00:00,3309.73
38189096,2022-06-29,08:00:00,17:00:00,4061.31
32332961,2022-10-13,08:00:00,17:00:00,3862.1
79702250,2023-01-25,08:00:00,17:00:00,4276.75
17197053,2024-01-16,08:00:00,17:00:00,4573.89
91618198,2024-03-20,08:00:00,17:00:00,3890.87
24616868,2022-04-07,08:00:00,17:00:00,4681.57
98809472,2022-02-04,08:00:00,17:00:00,4415.44
21982851,2024-06-25,08:00:00,17:00:00,3641.09
84377980,2021-07-21,08:00:00,17:00:00,3387.86
17219318,2021-08-04,08:00:00,17:00:00,3553.0
22706606,2022-05-29,08:00:00,17:00:00,3638.11
94026858,2022-06-27,08:00:00,17:00:00,4846.75
15328300,2020-09-26,08:00:00,17:00:00,4050.89
11949187,2023-09-23,08:00:00,17:00:00,4716.24
41137495,2024-05-20,08:00:00,17:00:00,3764.21
82611553,2022-09-08,08:00:00,17:00:00,4475.74
87212812,2021-09-08,08:00:00,17:00:00,3278.52
77326912,2021-09-04,08:00:00,17:00:00,4297.64
54253104,2022-04-24,08:00:00,17:00:00,3094.31
54352599,2022-04-26,08:00:00,17:00:00,4542.3
27020550,2020-12-11,08:00:00,17:00:00,4048.64
22102458,2021-10-03,08:00:00,17:00:00,4120.76
76684716,2023-11-01,08:00:00,17:00:00,2550.81
61906937,2022-01-19,08:00:00,17:00:00,3881.6
72904014,2021-11-06,08:00:00,17:00:00,4370.73
23671460,2020-07-05,08:00:00,17:00:00,2837.71
62173668,2020-10-20,08:00:00,17:00:00,4420.89
71653479,2020-08-16,08:00:00,17:00:00,4393.11
90216224,2021-09-26,08:00:00,17:00:00,4267.04
41518433,2023-02-06,08:00:00,17:00:00,2811.84
84189482,2021-02-18,08:00:00,17:00:00,3908.42
62416874,2022-12-06,08:00:00,17:00:00,3100.48
14692137,2021-05-01,08:00:00,17:00:00,2734.95
25877230,2022-03-18,08:00:00,17:00:00,2971.73
84581050,2022-12-04,08:00:00,17:00:00,3669.42
84761747,2021-05-20,08:00:00,17:00:00,3205.17
30815260,2021-03-23,08:00:00,17:00:00,2946.97
26231122,2021-10-27,08:00:00,17:00:00,3676.17
76470315,2022-02-02,08:00:00,17:00:00,2922.81
52094565,2023-08-08,08:00:00,17:00:00,2899.02
18866409,2022-09-06,08:00:00,17:00:00,2536.71
59744077,2023-03-06,08:00:00,17:00:00,2504.7
40172564,2021-03-08,08:00:00,17:00:00,3180.01
41368362,2022-03-14,08:00:00,17:00:00,4276.36
68467601,2021-02-02,08:00:00,17:00:00,2628.4
49113204,2024-05-28,08:00:00,17:00:00,4414.61
16493845,2024-04-06,08:00:00,17:00:00,3947.97
13587401,2021-09-20,08:00:00,17:00:00,3439.5
87279004,2020-09-07,08:00:00,17:00:00,3340.5
96439812,2021-02-10,08:00:00,17:00:00,3681.09
54048113,2021-07-12,08:00:00,17:00:00,4822.73
51094502,2021-10-04,08:00:00,17:00:00,4591.39
78421386,2021-04-07,08:00:00,17:00:00,3302.32
90328106,2023-07-03,08:00:00,17:00:00,3199.38
49589269,2024-01-08,08:00:00,17:00:00,3470.05
21358560,2022-03-20,08:00:00,17:00:00,3142.89
55725474,2022-12-22,08:00:00,17:00:00,2717.47
44796257,2020-12-28,08:00:00,17:00:00,4025.48
87689812,2020-12-16,08:00:00,17:00:00,2878.28
55929786,2022-01-24,08:00:00,17:00:00,3542.38
90433164,2022-08-02,08:00:00,17:00:00,3804.73
43404868,2021-12-02,08:00:00,17:00:00,3761.65
12965801,2021-06-07,08:00:00,17:00:00,3083.15
31602491,2023-10-02,08:00:00,17:00:00,4253.2
92633333,2023-08-22,08:00:00,17:00:00,4216.27
22328588,2024-06-14,08:00:00,17:00:00,2603.51
55802374,2022-11-22,08:00:00,17:00:00,4209.89
94733414,2020-12-10,08:00:00,17:00:00,4042.87
53113625,2020-09-30,08:00:00,17:00:00,3974.61
58999174,2021-08-17,08:00:00,17:00:00,3142.69
86634469,2023-08-28,08:00:00,17:00:00,4587.62
29242349,2021-06-04,08:00:00,17:00:00,3140.87
10822247,2022-02-03,08:00:00,17:00:00,2655.24
92614757,2020-08-18,08:00:00,17:00:00,3968.92
50269772,2022-06-03,08:00:00,17:00:00,3622.62
75187969,2022-07-09,08:00:00,17:00:00,4892.7
89260411,2020-10-12,08:00:00,17:00:00,4643.79
86814375,2024-05-22,08:00:00,17:00:00,4988.88
24436008,2021-04-11,08:00:00,17:00:00,4280.8
73940729,2022-07-10,08:00:00,17:00:00,4809.33
68272657,2022-01-15,08:00:00,17:00:00,2617.42
75532815,2023-01-22,08:00:00,17:00:00,4874.79
19980615,2023-05-24,08:00:00,17:00:00,3481.97
17817285,2021-10-22,08:00:00,17:00:00,3380.04
85158468,2024-04-07,08:00:00,17:00:00,3984.02
97625177,2023-02-02,08:00:00,17:00:00,3559.61
39272007,2024-03-16,08:00:00,17:00:00,3705.33
27272493,2022-12-24,08:00:00,17:00:00,2525.8
58951641,2023-12-20,08:00:00,17:00:00,2564.92
26290697,2024-02-02,08:00:00,17:00:00,2995.2
36997089,2020-09-01,08:00:00,17:00:00,4259.7
53347809,2024-05-09,08:00:00,17:00:00,2886.22
96793995,2023-02-01,08:00:00,17:00:00,3016.2
22137019,2020-09-05,08:00:00,17:00:00,4005.37
19617678,2024-03-14,08:00:00,17:00:00,3933.86
23241128,2024-05-02,08:00:00,17:00:00,3036.11
62964065,2020-11-01,08:00:00,17:00:00,4738.21
87587839,2022-01-04,08:00:00,17:00:00,4836.3
57822170,2024-01-27,08:00:00,17:00:00,2656.1
96257264,2022-03-07,08:00:00,17:00:00,4085.29
83583624,2023-03-29,08:00:00,17:00:00,4797.05
90869389,2023-03-20,08:00:00,17:00:00,4989.79
35748136,2022-08-23,08:00:00,17:00:00,4403.52
65800213,2021-05-05,08:00:00,17:00:00,2672.89
60505329,2023-03-25,08:00:00,17:00:00,3485.08
42447608,2023-06-06,08:00:00,17:00:00,4460.07
30694859,2021-12-01,08:00:00,17:00:00,4565.74
70629086,2021-11-04,08:00:00,17:00:00,4229.33
89949299,2022-07-10,08:00:00,17:00:00,4895.18
38078742,2023-04-27,08:00:00,17:00:00,2618.98
27679110,2023-12-17,08:00:00,17:00:00,2885.85
11233173,2021-10-12,08:00:00,17:00:00,3872.9
77708883,2023-03-23,08:00:00,17:00:00,4922.85
90184128,2022-06-23,08:00:00,17:00:00,4774.06
35892199,2022-12-21,08:00:00,17:00:00,3428.99
60196581,2022-03-04,08:00:00,17:00:00,3398.97
74800263,2023-09-13,08:00:00,17:00:00,4642.04
94324965,2021-10-19,08:00:00,17:00:00,4785.63
75704558,2023-07-17,08:00:00,17:00:00,4956.34
43016370,2021-06-07,08:00:00,17:00:00,4400.76
58901222,2022-01-16,08:00:00,17:00:00,3327.38
69463425,2020-07-18,08:00:00,17:00:00,4845.12
78720874,2023-05-02,08:00:00,17:00:00,2605.83
70234264,2023-08-13,08:00:00,17:00:00,3212.08
43522684,2020-09-24,08:00:00,17:00:00,3013.77
21803167,2023-01-05,08:00:00,17:00:00,3957.54
34182245,2020-11-26,08:00:00,17:00:00,4543.91
93967630,2023-04-13,08:00:00,17:00:00,4461.74
90253659,2021-02-08,08:00:00,17:00:00,4503.91
57323488,2023-05-14,08:00:00,17:00:00,4739.58
71121077,2020-10-18,08:00:00,17:00:00,3778.4
24463513,2022-11-22,08:00:00,17:00:00,4720.33
25667904,2021-11-15,08:00:00,17:00:00,2605.47
49437406,2022-05-27,08:00:00,17:00:00,4941.91
52011070,2020-08-21,08:00:00,17:00:00,4208.2
94912670,2021-09-18,08:00:00,17:00:00,2744.38
54192976,2022-02-25,08:00:00,17:00:00,4971.68
56713084,2022-06-06,08:00:00,17:00:00,2836.73
71846608,2022-06-22,08:00:00,17:00:00,2870.59
50300141,2021-05-02,08:00:00,17:00:00,3146.05
91428617,2023-03-11,08:00:00,17:00:00,2798.21
65185216,2024-04-08,08:00:00,17:00:00,4477.37
93031375,2023-11-22,08:00:00,17:00:00,4424.05
72503282,2023-02-24,08:00:00,17:00:00,3637.92
61290769,2022-07-26,08:00:00,17:00:00,4925.79
50001200,2024-04-06,08:00:00,17:00:00,4168.19
28587738,2023-02-10,08:00:00,17:00:00,3336.01
72821468,2023-02-05,08:00:00,17:00:00,3842.09
30930103,2024-01-26,08:00:00,17:00:00,2920.23
69898628,2022-11-15,08:00:00,17:00:00,3144.46
53671098,2021-11-29,08:00:00,17:00:00,4162.54
30889533,2023-11-07,08:00:00,17:00:00,3497.77
35787224,2021-03-26,08:00:00,17:00:00,4788.18
20828668,2021-02-25,08:00:00,17:00:00,2509.28
59773845,2023-03-16,08:00:00,17:00:00,2771.51
46695596,2024-03-30,08:00:00,17:00:00,2708.59
68230631,2022-02-26,08:00:00,17:00:00,3294.9
61350752,2022-09-18,08:00:00,17:00:00,3724.67
11593279,2022-09-15,08:00:00,17:00:00,3750.32
60230985,2024-03-11,08:00:00,17:00:00,4099.03
87614199,2023-06-03,08:00:00,17:00:00,3785.14
41510897,2021-07-21,08:00:00,17:00:00,3089.27
32213749,2020-07-09,08:00:00,17:00:00,3368.63
30942972,2022-06-10,08:00:00,17:00:00,4602.68
26340431,2024-02-28,08:00:00,17:00:00,4407.0
45907354,2024-03-26,08:00:00,17:00:00,3053.26
78637585,2024-05-16,08:00:00,17:00:00,4339.95
51092209,2024-01-06,08:00:00,17:00:00,4294.51
72282125,2023-06-08,08:00:00,17:00:00,4311.59
47745747,2022-07-11,08:00:00,17:00:00,3100.79
98362564,2021-02-03,08:00:00,17:00:00,3816.44
42786466,2023-03-17,08:00:00,17:00:00,3881.93
89877491,2023-12-14,08:00:00,17:00:00,4040.57
66459431,2023-08-31,08:00:00,17:00:00,2752.84
90396659,2022-12-16,08:00:00,17:00:00,4943.66
80515634,2020-10-01,08:00:00,17:00:00,3050.25
13151234,2021-02-17,08:00:00,17:00:00,2555.54
43536594,2022-01-27,08:00:00,17:00:00,3932.82
16914338,2024-04-17,08:00:00,17:00:00,3991.88
29224801,2023-03-09,08:00:00,17:00:00,3542.56
21958086,2021-12-13,08:00:00,17:00:00,2858.03
54002374,2022-09-26,08:00:00,17:00:00,4448.85
95305806,2021-05-16,08:00:00,17:00:00,4266.08
55971000,2023-01-22,08:00:00,17:00:00,4965.71
47168105,2024-05-02,08:00:00,17:00:00,4380.69
13633363,2023-05-10,08:00:00,17:00:00,3656.32
60649797,2023-04-10,08:00:00,17:00:00,4908.74
42395257,2020-12-29,08:00:00,17:00:00,4058.3
42381903,2024-06-25,08:00:00,17:00:00,4153.2
16058152,2022-03-16,08:00:00,17:00:00,3401.26
66813405,2024-06-06,08:00:00,17:00:00,3096.18
51783322,2021-01-14,08:00:00,17:00:00,4850.01
69331347,2022-01-10,08:00:00,17:00:00,3643.43
65445973,2020-09-21,08:00:00,17:00:00,3752.05
31936309,2022-04-28,08:00:00,17:00:00,3675.98
45303057,2022-01-28,08:00:00,17:00:00,3260.44
81612620,2020-10-04,08:00:00,17:00:00,2509.39
29023494,2022-03-07,08:00:00,17:00:00,3789.41
83277378,2021-05-24,08:00:00,17:00:00,4495.05
40099311,2022-07-21,08:00:00,17:00:00,4381.27
91513892,2023-11-12,08:00:00,17:00:00,4667.39
93269574,2023-08-04,08:00:00,17:00:00,3388.81
76849521,2021-07-31,08:00:00,17:00:00,3959.4
42485154,2022-07-20,08:00:00,17:00:00,4705.9
92078266,2021-10-06,08:00:00,17:00:00,3655.84
94926858,2021-02-26,08:00:00,17:00:00,3900.51
93002869,2021-01-05,08:00:00,17:00:00,4713.19
35319647,2020-12-28,08:00:00,17:00:00,3245.71
37604045,2024-05-12,08:00:00,17:00:00,4186.02
11876007,2024-01-27,08:00:00,17:00:00,4046.98
25332531,2020-07-30,08:00:00,17:00:00,3242.48
91864217,2023-05-20,08:00:00,17:00:00,3326.71
90363591,2020-11-15,08:00:00,17:00:00,3020.69
31428709,2022-04-14,08:00:00,17:00:00,2550.32
88557738,2021-10-05,08:00:00,17:00:00,2850.34
45487724,2020-08-23,08:00:00,17:00:00,2863.77
82042493,2020-12-01,08:00:00,17:00:00,4129.81
59979500,2023-11-05,08:00:00,17:00:00,3604.4
96105627,2023-08-30,08:00:00,17:00:00,4977.26
29301584,2022-11-30,08:00:00,17:00:00,3280.66
40376363,2023-06-18,08:00:00,17:00:00,4981.37
57265093,2023-05-12,08:00:00,17:00:00,3426.91
51816797,2021-03-31,08:00:00,17:00:00,2535.26
48687499,2024-01-27,08:00:00,17:00:00,2701.07
47734412,2023-03-21,08:00:00,17:00:00,3053.77
39868005,2023-01-02,08:00:00,17:00:00,4259.48
67839564,2022-04-07,08:00:00,17:00:00,3054.16
16606032,2024-05-11,08:00:00,17:00:00,4215.04
92796232,2023-07-03,08:00:00,17:00:00,4574.29
92466641,2024-06-03,08:00:00,17:00:00,3437.51
98036402,2020-07-03,08:00:00,17:00:00,3143.64
98429980,2020-07-17,08:00:00,17:00:00,4183.67
80105014,2023-10-20,08:00:00,17:00:00,2792.79
68924952,2020-10-18,08:00:00,17:00:00,3174.38
49212156,2021-07-22,08:00:00,17:00:00,3539.37
36350246,2021-06-12,08:00:00,17:00:00,2697.9
56719483,2021-01-26,08:00:00,17:00:00,3641.51
13712108,2023-04-27,08:00:00,17:00:00,4669.75
93549148,2021-11-11,08:00:00,17:00:00,3290.47
66849351,2021-04-03,08:00:00,17:00:00,3002.33
15243631,2021-10-04,08:00:00,17:00:00,2621.2
98259113,2022-03-15,08:00:00,17:00:00,3943.07
54718838,2024-04-10,08:00:00,17:00:00,3001.43
14712651,2020-10-17,08:00:00,17:00:00,4953.32
60334970,2021-06-27,08:00:00,17:00:00,4851.12
56990580,2022-07-13,08:00:00,17:00:00,4600.95
11950463,2021-08-16,08:00:00,17:00:00,3280.29
59810253,2022-11-10,08:00:00,17:00:00,3469.78
10469268,2023-09-09,08:00:00,17:00:00,4939.48
37110511,2023-07-13,08:00:00,17:00:00,2693.34
59989688,2023-06-14,08:00:00,17:00:00,2778.67
19749919,2024-03-17,08:00:00,17:00:00,3099.89
15009825,2023-06-29,08:00:00,17:00:00,4586.64
86574702,2024-02-07,08:00:00,17:00:00,3908.29
62495701,2020-12-01,08:00:00,17:00:00,2751.99
20004512,2021-06-16,08:00:00,17:00:00,4570.37
11320275,2024-02-23,08:00:00,17:00:00,3503.52
67310870,2021-02-22,08:00:00,17:00:00,4835.66
47826423,2022-12-10,08:00:00,17:00:00,4471.02
62618987,2024-03-31,08:00:00,17:00:00,2604.91
73195242,2021-05-29,08:00:00,17:00:00,3694.26
97740577,2020-11-09,08:00:00,17:00:00,4149.77
97842568,2021-02-04,08:00:00,17:00:00,3650.3
38202436,2020-12-27,08:00:00,17:00:00,3620.31
85343992,2024-03-30,08:00:00,17:00:00,4508.95
86732835,2020-09-08,08:00:00,17:00:00,4931.68
47052628,2021-09-10,08:00:00,17:00:00,4950.16
48761053,2023-09-12,08:00:00,17:00:00,3825.39
50404760,2022-01-20,08:00:00,17:00:00,2969.05
72237046,2023-12-31,08:00:00,17:00:00,3933.44
22023162,2022-02-12,08:00:00,17:00:00,3103.56
79407836,2021-02-16,08:00:00,17:00:00,4830.22
52355900,2021-12-10,08:00:00,17:00:00,3090.97
26956089,2024-02-25,08:00:00,17:00:00,2713.26
45027856,2020-09-04,08:00:00,17:00:00,3351.12
97193682,2021-07-01,08:00:00,17:00:00,2628.73
96064409,2021-11-07,08:00:00,17:00:00,4839.78
94178950,2022-02-09,08:00:00,17:00:00,3403.45
39423179,2021-03-02,08:00:00,17:00:00,2830.64
38281345,2022-08-07,08:00:00,17:00:00,3361.89
38580459,2022-05-24,08:00:00,17:00:00,2782.64
25064928,2021-04-29,08:00:00,17:00:00,2581.99
36641757,2024-06-04,08:00:00,17:00:00,4259.16
40942050,2021-01-10,08:00:00,17:00:00,2799.26
70188057,2023-01-07,08:00:00,17:00:00,4489.74
74569519,2022-09-19,08:00:00,17:00:00,3170.76
70967276,2023-03-02,08:00:00,17:00:00,3637.55
62216387,2023-08-26,08:00:00,17:00:00,3498.17
74360076,2021-11-04,08:00:00,17:00:00,2877.98
11236537,2023-04-22,08:00:00,17:00:00,3356.17
96674782,2022-11-25,08:00:00,17:00:00,4017.04
67877417,2023-10-12,08:00:00,17:00:00,3690.78
36648341,2022-02-03,08:00:00,17:00:00,4227.52
37867921,2024-02-15,08:00:00,17:00:00,3330.24
69114584,2020-10-30,08:00:00,17:00:00,4823.28
70096185,2023-01-10,08:00:00,17:00:00,3314.4
83608607,2021-12-04,08:00:00,17:00:00,3860.52
45409687,2021-06-09,08:00:00,17:00:00,2597.95
25100035,2024-06-20,08:00:00,17:00:00,2549.57
55926696,2021-09-28,08:00:00,17:00:00,4562.55
18167117,2020-12-08,08:00:00,17:00:00,2644.98
83678714,2020-09-18,08:00:00,17:00:00,3697.14
38806817,2023-06-19,08:00:00,17:00:00,2513.14
94087993,2020-10-25,08:00:00,17:00:00,4944.31
42311607,2022-07-25,08:00:00,17:00:00,3947.17
58724186,2022-10-04,08:00:00,17:00:00,3668.12
98815291,2022-02-06,08:00:00,17:00:00,3921.72
13125585,2024-02-18,08:00:00,17:00:00,3120.27
79417201,2021-05-20,08:00:00,17:00:00,3033.68
40880481,2021-11-11,08:00:00,17:00:00,4137.76
42136929,2021-12-26,08:00:00,17:00:00,3850.95
50052106,2020-08-01,08:00:00,17:00:00,3117.49
91398405,2024-06-11,08:00:00,17:00:00,3438.97
84844796,2023-06-10,08:00:00,17:00:00,3685.95
17768287,2023-08-21,08:00:00,17:00:00,3520.96
63287446,2024-02-09,08:00:00,17:00:00,4906.0
74185782,2022-02-23,08:00:00,17:00:00,3152.45
78155811,2023-04-16,08:00:00,17:00:00,2610.34
55453813,2024-04-23,08:00:00,17:00:00,3367.47
55404394,2020-12-19,08:00:00,17:00:00,2777.98
82607376,2022-09-30,08:00:00,17:00:00,2632.77
36083399,2022-03-14,08:00:00,17:00:00,4478.31
18108082,2020-11-26,08:00:00,17:00:00,3889.18
71045194,2022-02-10,08:00:00,17:00:00,3678.64
83259133,2021-03-13,08:00:00,17:00:00,2809.15
18107177,2021-12-01,08:00:00,17:00:00,3588.47
86644225,2023-02-08,08:00:00,17:00:00,4934.2
33102117,2024-03-02,08:00:00,17:00:00,4373.96
56837344,2024-05-11,08:00:00,17:00:00,3044.82
74842791,2020-11-06,08:00:00,17:00:00,3142.58
69855034,2022-08-11,08:00:00,17:00:00,2675.66
10206364,2021-04-27,08:00:00,17:00:00,4396.97
61788445,2023-03-26,08:00:00,17:00:00,3790.5
77965649,2020-12-26,08:00:00,17:00:00,3884.96
95061787,2022-11-18,08:00:00,17:00:00,3463.67
21065465,2022-10-18,08:00:00,17:00:00,4516.8
61924108,2021-04-21,08:00:00,17:00:00,3159.73
75335517,2022-06-05,08:00:00,17:00:00,3404.53
62158303,2021-04-04,08:00:00,17:00:00,4234.14
15076076,2021-08-30,08:00:00,17:00:00,3723.44
30957501,2021-06-03,08:00:00,17:00:00,3956.32
99725236,2024-03-03,08:00:00,17:00:00,4193.6
98770259,2020-11-03,08:00:00,17:00:00,4204.54
39915025,2021-04-11,08:00:00,17:00:00,2962.93
75062416,2023-05-29,08:00:00,17:00:00,2952.72
30702438,2023-12-19,08:00:00,17:00:00,4356.09
86322048,2022-04-27,08:00:00,17:00:00,3684.73
37792750,2023-12-19,08:00:00,17:00:00,2618.89
58879690,2023-07-21,08:00:00,17:00:00,4662.24
97927112,2022-12-01,08:00:00,17:00:00,4764.63
39025050,2021-12-13,08:00:00,17:00:00,3488.24
71844391,2023-09-23,08:00:00,17:00:00,4777.82
98617114,2022-03-11,08:00:00,17:00:00,3866.0
48103276,2022-04-30,08:00:00,17:00:00,3741.37
31578948,2024-02-03,08:00:00,17:00:00,3557.84
86145261,2024-05-27,08:00:00,17:00:00,4791.1
65005742,2023-08-29,08:00:00,17:00:00,2593.8
24309235,2023-08-10,08:00:00,17:00:00,3551.1
11466749,2020-12-03,08:00:00,17:00:00,4511.17
76428777,2024-01-13,08:00:00,17:00:00,4186.11
44218453,2024-03-18,08:00:00,17:00:00,4287.31
67440522,2023-04-11,08:00:00,17:00:00,4835.16
79991997,2023-09-28,08:00:00,17:00:00,3743.13
86717653,2023-04-30,08:00:00,17:00:00,4391.44
51212744,2023-06-13,08:00:00,17:00:00,3731.59
75666124,2022-11-16,08:00:00,17:00:00,4678.5
86028435,2022-09-09,08:00:00,17:00:00,4742.31
38963092,2021-09-08,08:00:00,17:00:00,3208.88
81769153,2021-07-15,08:00:00,17:00:00,4121.17
27569874,2022-07-31,08:00:00,17:00:00,2829.98
72025052,2021-10-18,08:00:00,17:00:00,2900.58
92756491,2020-08-01,08:00:00,17:00:00,4092.5
53756949,2023-11-17,08:00:00,17:00:00,4143.6
46089314,2021-02-21,08:00:00,17:00:00,3664.55
23959135,2023-06-02,08:00:00,17:00:00,3747.28
40303928,2022-05-30,08:00:00,17:00:00,4397.61
81388848,2022-05-10,08:00:00,17:00:00,2937.54
38003587,2024-03-18,08:00:00,17:00:00,4362.58
65071130,2023-04-10,08:00:00,17:00:00,4747.32
33568511,2024-05-10,08:00:00,17:00:00,4630.33
75150276,2024-02-20,08:00:00,17:00:00,2591.46
13787771,2021-09-15,08:00:00,17:00:00,3679.46
14433390,2021-03-21,08:00:00,17:00:00,2964.36
36846821,2023-08-01,08:00:00,17:00:00,3099.4
37361244,2021-06-14,08:00:00,17:00:00,4467.76
39819579,2023-11-12,08:00:00,17:00:00,3740.15
88878566,2023-04-09,08:00:00,17:00:00,3280.61
29286159,2023-08-24,08:00:00,17:00:00,3354.98
32070103,2020-07-01,08:00:00,17:00:00,4697.65
81320792,2023-04-18,08:00:00,17:00:00,3464.13
17438013,2022-05-08,08:00:00,17:00:00,4502.65
85014462,2023-09-07,08:00:00,17:00:00,4916.98
48201850,2023-04-12,08:00:00,17:00:00,2909.9
49520310,2022-11-22,08:00:00,17:00:00,3258.28
18668907,2023-12-14,08:00:00,17:00:00,2594.32
46692660,2023-04-11,08:00:00,17:00:00,2990.31
55306862,2021-05-15,08:00:00,17:00:00,3316.13
59909328,2024-06-10,08:00:00,17:00:00,4976.0
12619368,2021-06-05,08:00:00,17:00:00,4876.97
76740364,2022-12-11,08:00:00,17:00:00,4421.39
28331671,2024-03-28,08:00:00,17:00:00,2922.29
11081850,2022-07-05,08:00:00,17:00:00,2644.5
77636464,2024-05-29,08:00:00,17:00:00,4660.89
58596656,2021-04-22,08:00:00,17:00:00,3245.31
79874863,2023-09-14,08:00:00,17:00:00,3627.49
46725813,2021-12-23,08:00:00,17:00:00,4761.86
10144423,2023-11-04,08:00:00,17:00:00,4255.24
96374343,2021-09-18,08:00:00,17:00:00,2684.92
32961636,2022-02-19,08:00:00,17:00:00,3249.68
49835823,2022-11-25,08:00:00,17:00:00,2502.23
65000535,2022-02-23,08:00:00,17:00:00,4913.88
66472979,2023-11-19,08:00:00,17:00:00,2805.59
53840772,2022-02-02,08:00:00,17:00:00,4242.9
72385199,2024-02-25,08:00:00,17:00:00,2713.48
95198633,2021-11-08,08:00:00,17:00:00,4809.78
68132932,2023-02-17,08:00:00,17:00:00,2868.87
91347689,2022-01-14,08:00:00,17:00:00,3437.23
31254730,2023-07-12,08:00:00,17:00:00,3193.28
84864432,2023-07-29,08:00:00,17:00:00,4650.84
79977277,2023-05-27,08:00:00,17:00:00,3060.62
96691032,2020-09-24,08:00:00,17:00:00,3987.21
42307584,2021-11-27,08:00:00,17:00:00,4894.18
20039317,2022-11-14,08:00:00,17:00:00,3723.97
85996871,2022-04-05,08:00:00,17:00:00,4341.0
65441288,2022-10-18,08:00:00,17:00:00,2919.54
32057414,2021-09-22,08:00:00,17:00:00,4497.32
53582183,2024-01-30,08:00:00,17:00:00,3534.62
16169873,2024-03-10,08:00:00,17:00:00,2878.18
74362819,2023-01-26,08:00:00,17:00:00,4283.71
15779632,2023-08-19,08:00:00,17:00:00,3280.02
76647064,2020-06-28,08:00:00,17:00:00,3257.54
59056588,2021-02-21,08:00:00,17:00:00,2829.3
14096073,2021-07-31,08:00:00,17:00:00,4400.16
68015159,2021-12-16,08:00:00,17:00:00,3043.27
19485489,2021-09-06,08:00:00,17:00:00,3333.36
93541527,2023-12-10,08:00:00,17:00:00,3909.97
19400393,2020-11-29,08:00:00,17:00:00,4197.5
84994263,2023-10-25,08:00:00,17:00:00,4542.84
88209127,2023-05-17,08:00:00,17:00:00,4029.12
30959549,2020-08-12,08:00:00,17:00:00,3509.1
70298286,2024-01-15,08:00:00,17:00:00,4588.86
32416255,2023-09-04,08:00:00,17:00:00,4280.77
26331786,2024-03-12,08:00:00,17:00:00,4032.07
62923138,2023-06-23,08:00:00,17:00:00,3647.13
92887994,2021-08-08,08:00:00,17:00:00,4075.41
30706123,2023-01-17,08:00:00,17:00:00,3437.14
40732338,2021-05-10,08:00:00,17:00:00,2830.08
46469482,2020-10-05,08:00:00,17:00:00,4929.01
74865319,2023-09-16,08:00:00,17:00:00,4453.88
44012556,2021-03-07,08:00:00,17:00:00,2917.72
42473362,2022-09-15,08:00:00,17:00:00,4202.84
64480963,2023-09-18,08:00:00,17:00:00,2503.19
77869659,2021-06-07,08:00:00,17:00:00,4697.46
79166488,2020-12-06,08:00:00,17:00:00,2520.33
94867489,2023-09-18,08:00:00,17:00:00,4638.89
55162231,2022-04-14,08:00:00,17:00:00,3506.63
51252660,2021-11-08,08:00:00,17:00:00,3293.4
37799357,2021-08-08,08:00:00,17:00:00,3764.71
83415072,2020-08-17,08:00:00,17:00:00,3623.04
43887256,2022-01-01,08:00:00,17:00:00,4305.02
46624435,2022-11-18,08:00:00,17:00:00,4937.28
43125838,2020-06-30,08:00:00,17:00:00,3403.36
45016628,2020-11-12,08:00:00,17:00:00,3094.7
91973992,2023-01-28,08:00:00,17:00:00,3522.24
68832950,2021-04-15,08:00:00,17:00:00,4110.64
27162731,2024-03-08,08:00:00,17:00:00,2762.69
47937918,2023-07-20,08:00:00,17:00:00,3099.97
80923417,2020-07-29,08:00:00,17:00:00,4773.04
74531058,2023-02-14,08:00:00,17:00:00,3083.46
91388042,2020-10-28,08:00:00,17:00:00,4288.94
38043120,2023-07-02,08:00:00,17:00:00,3591.69
21012358,2023-03-31,08:00:00,17:00:00,4525.24
11778621,2021-05-24,08:00:00,17:00:00,2679.55
17159771,2020-11-14,08:00:00,17:00:00,3795.31
14339426,2021-10-28,08:00:00,17:00:00,4719.72
67919975,2023-05-22,08:00:00,17:00:00,3599.17
31244148,2024-01-24,08:00:00,17:00:00,4738.59
39567474,2023-06-13,08:00:00,17:00:00,3688.4
55667168,2024-05-16,08:00:00,17:00:00,3516.32
61252501,2021-10-30,08:00:00,17:00:00,4593.58
72377122,2022-02-23,08:00:00,17:00:00,2641.67
45622200,2021-04-12,08:00:00,17:00:00,4391.92
80740321,2023-05-12,08:00:00,17:00:00,4708.7
95137467,2020-09-01,08:00:00,17:00:00,2795.47
92923225,2024-03-21,08:00:00,17:00:00,4479.55
14483616,2023-01-17,08:00:00,17:00:00,4946.03
56332020,2024-06-10,08:00:00,17:00:00,4724.8
51833369,2024-01-26,08:00:00,17:00:00,2633.87
39105153,2023-12-16,08:00:00,17:00:00,4869.16
49176296,2023-11-23,08:00:00,17:00:00,2919.06
49100956,2021-05-21,08:00:00,17:00:00,2719.21
14414156,2023-05-08,08:00:00,17:00:00,3775.23
79278860,2022-10-30,08:00:00,17:00:00,2602.84
88826946,2023-10-21,08:00:00,17:00:00,4575.35
78424929,2023-07-23,08:00:00,17:00:00,3850.16
56266243,2021-07-30,08:00:00,17:00:00,4336.34
70034068,2024-04-13,08:00:00,17:00:00,4220.46
78968205,2022-01-21,08:00:00,17:00:00,2808.1
15623356,2023-08-08,08:00:00,17:00:00,4220.2
82619785,2022-01-04,08:00:00,17:00:00,2949.13
13178256,2021-11-07,08:00:00,17:00:00,4606.15
73909515,2022-12-08,08:00:00,17:00:00,3300.17
65735412,2023-05-26,08:00:00,17:00:00,3315.15
76627553,2023-09-07,08:00:00,17:00:00,2775.56
76224474,2022-04-06,08:00:00,17:00:00,4445.36
27865533,2021-03-01,08:00:00,17:00:00,3946.68
25468316,2020-09-28,08:00:00,17:00:00,3964.06
11052136,2023-02-25,08:00:00,17:00:00,4859.53
13567939,2021-08-05,08:00:00,17:00:00,2537.02
73469543,2023-01-09,08:00:00,17:00:00,3740.75
16314611,2023-03-13,08:00:00,17:00:00,4850.31
26873343,2024-02-13,08:00:00,17:00:00,4238.52
11877651,2024-03-22,08:00:00,17:00:00,4043.94
21701228,2023-06-22,08:00:00,17:00:00,3505.43
78153610,2023-12-25,08:00:00,17:00:00,4076.32
71123269,2022-12-13,08:00:00,17:00:00,2635.55
72684533,2023-05-29,08:00:00,17:00:00,4919.31
36115287,2024-01-25,08:00:00,17:00:00,2510.24
54251131,2023-03-18,08:00:00,17:00:00,4353.21
81773592,2024-05-23,08:00:00,17:00:00,2978.88
34733458,2021-03-20,08:00:00,17:00:00,2627.4
55377346,2021-06-17,08:00:00,17:00:00,2624.01
18523351,2020-07-04,08:00:00,17:00:00,4755.14
80946472,2023-06-28,08:00:00,17:00:00,3475.13
64855873,2022-09-26,08:00:00,17:00:00,3998.69
38777326,2023-06-03,08:00:00,17:00:00,4186.99
69395893,2020-09-18,08:00:00,17:00:00,4479.92
39807404,2021-09-22,08:00:00,17:00:00,3576.29
79355905,2023-04-28,08:00:00,17:00:00,2790.54
58041099,2023-08-09,08:00:00,17:00:00,3799.66
46473375,2022-09-02,08:00:00,17:00:00,3736.2
13080157,2020-09-01,08:00:00,17:00:00,3413.76
20417325,2023-01-03,08:00:00,17:00:00,3226.88
75654794,2021-01-12,08:00:00,17:00:00,4681.05
85125592,2020-10-19,08:00:00,17:00:00,3760.1
59846997,2021-12-21,08:00:00,17:00:00,2601.36
94206925,2022-04-14,08:00:00,17:00:00,3671.8
51091899,2023-01-19,08:00:00,17:00:00,3349.76
66222586,2021-09-03,08:00:00,17:00:00,3373.82
63621749,2021-06-27,08:00:00,17:00:00,3620.14
43618911,2022-04-28,08:00:00,17:00:00,3160.4
22499045,2022-03-04,08:00:00,17:00:00,4370.05
36157342,2020-11-10,08:00:00,17:00:00,4951.5
43029803,2020-07-13,08:00:00,17:00:00,4426.1
81869998,2021-03-22,08:00:00,17:00:00,3328.71
90394186,2022-11-14,08:00:00,17:00:00,3352.1
30328939,2021-04-14,08:00:00,17:00:00,2541.1
92112678,2023-06-12,08:00:00,17:00:00,3114.81
93105250,2024-06-08,08:00:00,17:00:00,3619.13
40755075,2022-08-29,08:00:00,17:00:00,2670.18
13804418,2022-03-30,08:00:00,17:00:00,3410.97
53137270,2021-03-05,08:00:00,17:00:00,4342.91
54543441,2022-04-29,08:00:00,17:00:00,4269.41
63501688,2022-11-05,08:00:00,17:00:00,3572.11
88652724,2021-09-11,08:00:00,17:00:00,3536.58
45380057,2023-04-30,08:00:00,17:00:00,4652.85
11413976,2023-08-16,08:00:00,17:00:00,4649.78
81680931,2023-10-12,08:00:00,17:00:00,4482.35
18069277,2023-01-04,08:00:00,17:00:00,4515.36
79925211,2021-09-18,08:00:00,17:00:00,3851.75
69028197,2021-04-10,08:00:00,17:00:00,2687.93
85536234,2022-10-07,08:00:00,17:00:00,4173.73
92668668,2024-05-08,08:00:00,17:00:00,4449.65
86210765,2021-05-17,08:00:00,17:00:00,4839.88
48915444,2020-11-26,08:00:00,17:00:00,2630.52
43655052,2022-12-08,08:00:00,17:00:00,4088.48
69969106,2021-06-26,08:00:00,17:00:00,4612.12
21546013,2023-01-21,08:00:00,17:00:00,4200.55
46900946,2023-09-01,08:00:00,17:00:00,3012.26
50494764,2021-06-26,08:00:00,17:00:00,2706.63
92925413,2022-12-30,08:00:00,17:00:00,4742.7
18550714,2024-06-25,08:00:00,17:00:00,3778.1
34936324,2020-09-08,08:00:00,17:00:00,2535.13
39524988,2020-08-27,08:00:00,17:00:00,4152.6
78347148,2021-08-02,08:00:00,17:00:00,4339.8
61920395,2020-10-14,08:00:00,17:00:00,4055.06
73586381,2023-11-09,08:00:00,17:00:00,2721.86
81730307,2024-03-19,08:00:00,17:00:00,3848.4
91434258,2023-09-18,08:00:00,17:00:00,4108.86
83766737,2023-06-30,08:00:00,17:00:00,2964.28
91478246,2021-02-20,08:00:00,17:00:00,4134.86
17049041,2022-12-22,08:00:00,17:00:00,3377.98
41101468,2021-04-10,08:00:00,17:00:00,3352.54
24286961,2020-09-08,08:00:00,17:00:00,4416.71
74211642,2024-04-22,08:00:00,17:00:00,4657.99
90021285,2024-04-18,08:00:00,17:00:00,2989.19
87075779,2021-12-10,08:00:00,17:00:00,3319.77
45001603,2021-02-02,08:00:00,17:00:00,2638.06
74686216,2021-07-19,08:00:00,17:00:00,4628.73
95673160,2022-12-14,08:00:00,17:00:00,2657.57
14792386,2022-03-21,08:00:00,17:00:00,4558.53
84340716,2021-10-12,08:00:00,17:00:00,4248.49
10448619,2023-10-10,08:00:00,17:00:00,2788.44
63665661,2021-08-17,08:00:00,17:00:00,3277.09
86819485,2022-12-24,08:00:00,17:00:00,3811.75
95507450,2022-10-18,08:00:00,17:00:00,3036.49
24406419,2023-03-30,08:00:00,17:00:00,3987.15
20241337,2021-07-06,08:00:00,17:00:00,3833.66
32797562,2024-05-29,08:00:00,17:00:00,3068.39
63421636,2023-05-24,08:00:00,17:00:00,4159.08
76366875,2024-04-16,08:00:00,17:00:00,2665.18
42929439,2023-01-19,08:00:00,17:00:00,3300.69
74291880,2023-11-17,08:00:00,17:00:00,4662.54
88841532,2022-10-12,08:00:00,17:00:00,2968.7
73756614,2023-02-13,08:00:00,17:00:00,3011.78
77682110,2023-10-05,08:00:00,17:00:00,3983.15
76221312,2021-07-07,08:00:00,17:00:00,2663.86
28006026,2023-02-04,08:00:00,17:00:00,4406.9
26590341,2021-07-31,08:00:00,17:00:00,4568.21
18567066,2024-03-12,08:00:00,17:00:00,4314.8
17112754,2021-02-26,08:00:00,17:00:00,4585.45
81893477,2020-12-13,08:00:00,17:00:00,3102.59
19631711,2020-08-04,08:00:00,17:00:00,4880.57
86877741,2022-01-02,08:00:00,17:00:00,3889.65
21894049,2020-07-27,08:00:00,17:00:00,2991.91
66877533,2023-04-19,08:00:00,17:00:00,4252.62
53763372,2022-04-08,08:00:00,17:00:00,4035.6
25309045,2020-09-08,08:00:00,17:00:00,4361.86
36039097,2024-01-13,08:00:00,17:00:00,4981.06
93589189,2022-12-31,08:00:00,17:00:00,3549.13
41110193,2022-07-04,08:00:00,17:00:00,3420.48
31751930,2022-12-19,08:00:00,17:00:00,3541.32
73501909,2020-11-05,08:00:00,17:00:00,2794.18
92796381,2022-11-10,08:00:00,17:00:00,3163.91
29276139,2023-12-11,08:00:00,17:00:00,4082.33
12538687,2023-11-11,08:00:00,17:00:00,2801.84
62180130,2023-02-12,08:00:00,17:00:00,3543.23
20914404,2024-05-23,08:00:00,17:00:00,3729.07
63958509,2024-03-30,08:00:00,17:00:00,3765.58
96327996,2021-01-01,08:00:00,17:00:00,4193.87
13268124,2020-07-05,08:00:00,17:00:00,4385.76
95170508,2023-03-13,08:00:00,17:00:00,2973.8
37797393,2021-10-06,08:00:00,17:00:00,4229.33
85794274,2023-03-15,08:00:00,17:00:00,2558.76
84808942,2023-10-29,08:00:00,17:00:00,3725.41
50285015,2022-01-27,08:00:00,17:00:00,3246.66
32052428,2023-07-30,08:00:00,17:00:00,3781.34
95570216,2023-02-16,08:00:00,17:00:00,3697.33
78565780,2023-01-27,08:00:00,17:00:00,4948.04
28628750,2022-05-10,08:00:00,17:00:00,4748.06
89535902,2020-09-04,08:00:00,17:00:00,4502.49
70622379,2020-07-29,08:00:00,17:00:00,2794.52
73647309,2023-10-17,08:00:00,17:00:00,2806.23
47147876,2022-04-07,08:00:00,17:00:00,3268.58
23229736,2022-12-09,08:00:00,17:00:00,2660.93
35125707,2022-10-12,08:00:00,17:00:00,2831.62
35124719,2021-11-22,08:00:00,17:00:00,3817.41
15853964,2020-12-01,08:00:00,17:00:00,2553.43
60510861,2023-09-12,08:00:00,17:00:00,3248.81
88760468,2021-01-01,08:00:00,17:00:00,4285.02
48892092,2020-07-18,08:00:00,17:00:00,3990.83
48076124,2022-02-05,08:00:00,17:00:00,4272.61
81132028,2023-09-02,08:00:00,17:00:00,4955.41
15583022,2021-04-26,08:00:00,17:00:00,4189.18
35073478,2021-12-09,08:00:00,17:00:00,3839.87
69521887,2023-09-10,08:00:00,17:00:00,2573.01
68082747,2024-03-27,08:00:00,17:00:00,2905.85
31473392,2022-01-06,08:00:00,17:00:00,3174.77
39587354,2022-08-20,08:00:00,17:00:00,3058.52
57504373,2022-05-18,08:00:00,17:00:00,4244.76
66278042,2022-03-23,08:00:00,17:00:00,3342.04
57152331,2022-12-20,08:00:00,17:00:00,3789.11
66339748,2023-10-25,08:00:00,17:00:00,3189.05
47123654,2021-07-28,08:00:00,17:00:00,4561.97
17354399,2023-10-04,08:00:00,17:00:00,3618.17
91620927,2024-04-17,08:00:00,17:00:00,3384.75
33343893,2021-03-26,08:00:00,17:00:00,4672.88
79411775,2021-10-24,08:00:00,17:00:00,2812.99
68483088,2023-08-06,08:00:00,17:00:00,2984.83
69377584,2021-04-02,08:00:00,17:00:00,4194.68
78047821,2023-07-14,08:00:00,17:00:00,3707.98
38441981,2022-04-03,08:00:00,17:00:00,2902.3
80484003,2021-12-06,08:00:00,17:00:00,2553.23
56772880,2023-12-10,08:00:00,17:00:00,3703.43
40811584,2021-07-30,08:00:00,17:00:00,3365.36
66750958,2024-02-11,08:00:00,17:00:00,4044.2
26132627,2021-06-24,08:00:00,17:00:00,3553.09
93125094,2023-08-16,08:00:00,17:00:00,2846.17
36847487,2023-03-28,08:00:00,17:00:00,3865.62
66474945,2022-03-22,08:00:00,17:00:00,3498.28
13111809,2021-06-04,08:00:00,17:00:00,3339.47
52275693,2023-10-10,08:00:00,17:00:00,4444.28
54119521,2023-08-31,08:00:00,17:00:00,4114.76
70153687,2021-07-07,08:00:00,17:00:00,3375.19
41802112,2022-02-16,08:00:00,17:00:00,3980.15
88864603,2022-05-15,08:00:00,17:00:00,3033.54
67547523,2024-06-23,08:00:00,17:00:00,3689.44
66113855,2020-11-03,08:00:00,17:00:00,2811.7
44421220,2021-06-26,08:00:00,17:00:00,2846.25
33410115,2021-07-08,08:00:00,17:00:00,2987.63
17614894,2021-08-16,08:00:00,17:00:00,3436.94
97366956,2023-09-01,08:00:00,17:00:00,2912.71
82899791,2023-02-01,08:00:00,17:00:00,3585.27
24126419,2023-07-15,08:00:00,17:00:00,3618.84
39345796,2021-02-06,08:00:00,17:00:00,3095.5
91599938,2021-12-31,08:00:00,17:00:00,3419.94
54709543,2022-05-13,08:00:00,17:00:00,2783.29
61218992,2021-03-17,08:00:00,17:00:00,4307.37
97995808,2022-09-10,08:00:00,17:00:00,3920.76
67245116,2023-04-09,08:00:00,17:00:00,3963.41
77802205,2022-12-21,08:00:00,17:00:00,2804.15
42186939,2024-01-14,08:00:00,17:00:00,2927.09
83188156,2021-11-25,08:00:00,17:00:00,2689.55
46711608,2020-09-27,08:00:00,17:00:00,4286.71
63619855,2024-05-07,08:00:00,17:00:00,3247.86
70782999,2020-07-11,08:00:00,17:00:00,2599.99
62299144,2024-02-20,08:00:00,17:00:00,4015.84
91149406,2021-02-01,08:00:00,17:00:00,2778.76
82317091,2024-05-13,08:00:00,17:00:00,3389.95
60665701,2024-06-25,08:00:00,17:00:00,3295.89
66927641,2022-02-14,08:00:00,17:00:00,2670.96
94583813,2023-03-17,08:00:00,17:00:00,4016.96
20461327,2023-07-15,08:00:00,17:00:00,4494.6
81039607,2022-09-26,08:00:00,17:00:00,4579.6
44433867,2024-03-07,08:00:00,17:00:00,3837.69
11464239,2022-11-30,08:00:00,17:00:00,3020.33
96465781,2021-02-03,08:00:00,17:00:00,3050.53
28455708,2021-09-14,08:00:00,17:00:00,3068.46
41809818,2024-04-10,08:00:00,17:00:00,3158.87
18628662,2024-05-21,08:00:00,17:00:00,4881.28
96937138,2021-04-17,08:00:00,17:00:00,4599.47
51133228,2021-01-25,08:00:00,17:00:00,3182.6
36654427,2020-10-22,08:00:00,17:00:00,3635.12
70953217,2024-06-08,08:00:00,17:00:00,3947.19
38117514,2020-09-06,08:00:00,17:00:00,3922.57
64400680,2021-04-28,08:00:00,17:00:00,4530.44
94618224,2022-09-04,08:00:00,17:00:00,3774.81
58353010,2023-12-06,08:00:00,17:00:00,4565.09
20666136,2021-10-09,08:00:00,17:00:00,3318.15
75113625,2023-09-10,08:00:00,17:00:00,3115.67
62106457,2023-07-05,08:00:00,17:00:00,2823.76
26331068,2023-04-25,08:00:00,17:00:00,4610.91
72728137,2022-01-14,08:00:00,17:00:00,4103.93
30769650,2021-09-03,08:00:00,17:00:00,4576.62
33932545,2021-11-06,08:00:00,17:00:00,4713.49
85434885,2024-05-12,08:00:00,17:00:00,3271.67
92963416,2024-01-06,08:00:00,17:00:00,2814.14
58456885,2023-08-28,08:00:00,17:00:00,4450.32
28284809,2023-09-04,08:00:00,17:00:00,2594.52
42908634,2021-02-14,08:00:00,17:00:00,3303.75
99262436,2021-02-13,08:00:00,17:00:00,2966.97
82748200,2021-02-24,08:00:00,17:00:00,4661.27
43677965,2021-01-20,08:00:00,17:00:00,3835.56
59100349,2020-10-19,08:00:00,17:00:00,3369.73
55346701,2021-10-26,08:00:00,17:00:00,4320.81
17198469,2022-03-05,08:00:00,17:00:00,3928.18
46405237,2023-10-21,08:00:00,17:00:00,3612.62
82944488,2020-10-05,08:00:00,17:00:00,4320.53
14833808,2021-09-15,08:00:00,17:00:00,4083.84
56543942,2021-05-07,08:00:00,17:00:00,3152.06
93520557,2024-01-25,08:00:00,17:00:00,3837.06
52498824,2021-06-26,08:00:00,17:00:00,4403.68
72179494,2023-04-01,08:00:00,17:00:00,3166.17
80622929,2023-10-11,08:00:00,17:00:00,3446.86
40565238,2021-07-24,08:00:00,17:00:00,3912.23
94578681,2023-04-18,08:00:00,17:00:00,4275.7
77801631,2023-10-05,08:00:00,17:00:00,2619.5
69714061,2023-02-26,08:00:00,17:00:00,4738.39
49162376,2022-10-15,08:00:00,17:00:00,3076.91
49887786,2021-12-30,08:00:00,17:00:00,3161.97
39595641,2021-02-26,08:00:00,17:00:00,4353.19
54521429,2020-10-02,08:00:00,17:00:00,4422.19
29354729,2023-12-14,08:00:00,17:00:00,2969.59
94429597,2021-02-14,08:00:00,17:00:00,4064.27
82133136,2022-04-05,08:00:00,17:00:00,4039.64
59211387,2021-08-10,08:00:00,17:00:00,4565.98
26540634,2022-12-07,08:00:00,17:00:00,4458.53
39978100,2022-09-19,08:00:00,17:00:00,3312.57
35555980,2022-10-16,08:00:00,17:00:00,4332.9
88885406,2020-11-07,08:00:00,17:00:00,4579.47
14720681,2023-06-11,08:00:00,17:00:00,3430.71
74616083,2021-12-02,08:00:00,17:00:00,2697.29
89915524,2024-06-16,08:00:00,17:00:00,4228.15
44761709,2022-03-26,08:00:00,17:00:00,3660.15
70005791,2020-09-25,08:00:00,17:00:00,3527.77
28125301,2021-07-20,08:00:00,17:00:00,4003.65
24692099,2023-08-14,08:00:00,17:00:00,4873.65
69629466,2022-12-29,08:00:00,17:00:00,3121.08
65707817,2024-06-16,08:00:00,17:00:00,3181.83
45811480,2020-11-12,08:00:00,17:00:00,4426.27
60325101,2023-05-14,08:00:00,17:00:00,4082.6
52597734,2022-10-01,08:00:00,17:00:00,4152.96
68416890,2023-03-28,08:00:00,17:00:00,2507.59
81879376,2021-03-17,08:00:00,17:00:00,4180.35
63454191,2023-05-15,08:00:00,17:00:00,3828.1
44201757,2021-11-27,08:00:00,17:00:00,4782.95
77659189,2022-02-28,08:00:00,17:00:00,3308.75
18191984,2022-01-16,08:00:00,17:00:00,4310.95
63619119,2021-07-03,08:00:00,17:00:00,3820.14
75910008,2021-06-17,08:00:00,17:00:00,4728.11
47061159,2020-08-10,08:00:00,17:00:00,3305.2
86449753,2022-10-20,08:00:00,17:00:00,3167.88
66201399,2021-05-29,08:00:00,17:00:00,4247.29
81490643,2020-10-02,08:00:00,17:00:00,3238.55
71215010,2021-01-17,08:00:00,17:00:00,4881.78
39817438,2023-09-23,08:00:00,17:00:00,3411.2
61402759,2023-06-08,08:00:00,17:00:00,4999.34
56744379,2023-06-17,08:00:00,17:00:00,2681.3
65409503,2022-12-03,08:00:00,17:00:00,4432.52
86889255,2022-11-29,08:00:00,17:00:00,4641.21
47936760,2022-07-23,08:00:00,17:00:00,4351.38
48024725,2022-06-22,08:00:00,17:00:00,2831.58
25414348,2024-05-12,08:00:00,17:00:00,4396.25
21695089,2024-04-14,08:00:00,17:00:00,4481.54
76250134,2022-02-28,08:00:00,17:00:00,2740.81
92004349,2022-02-13,08:00:00,17:00:00,3516.77
84542709,2020-09-02,08:00:00,17:00:00,3071.34
54898251,2020-09-19,08:00:00,17:00:00,4061.94
30301805,2022-08-01,08:00:00,17:00:00,4676.76
18151457,2022-07-30,08:00:00,17:00:00,4740.91
84001667,2021-05-31,08:00:00,17:00:00,4814.54
45811201,2021-10-18,08:00:00,17:00:00,2902.77
29006522,2023-02-18,08:00:00,17:00:00,3565.09
10627784,2023-09-11,08:00:00,17:00:00,4476.57
37837184,2021-03-29,08:00:00,17:00:00,3881.8
87113335,2022-07-17,08:00:00,17:00:00,4021.74
30703438,2023-11-24,08:00:00,17:00:00,2595.8
84201096,2022-07-01,08:00:00,17:00:00,3973.85
27435292,2022-12-20,08:00:00,17:00:00,3110.58
49914674,2021-06-26,08:00:00,17:00:00,2662.7
14720430,2021-01-28,08:00:00,17:00:00,2548.97
26069821,2022-10-26,08:00:00,17:00:00,2868.34
62709676,2022-06-09,08:00:00,17:00:00,4263.68
82767639,2021-06-19,08:00:00,17:00:00,4518.51
20114392,2022-07-31,08:00:00,17:00:00,2975.25
26991361,2022-11-16,08:00:00,17:00:00,4369.52
56685939,2022-11-06,08:00:00,17:00:00,4278.38
27171104,2024-02-29,08:00:00,17:00:00,3084.95
19073877,2022-09-25,08:00:00,17:00:00,3956.67
29768405,2021-05-06,08:00:00,17:00:00,3501.6
25857814,2023-12-23,08:00:00,17:00:00,3891.74
12537683,2023-02-22,08:00:00,17:00:00,4542.04
36880469,2021-11-20,08:00:00,17:00:00,5043.63
98461961,2023-09-11,08:00:00,17:00:00,5507.33
16264003,2023-07-09,08:00:00,17:00:00,5543.2
69059156,2021-08-07,08:00:00,17:00:00,3138.26
56031104,2020-07-08,08:00:00,17:00:00,4614.88
58963041,2023-12-31,08:00:00,17:00:00,4949.48
20713402,2022-02-11,08:00:00,17:00:00,5166.25
16350614,2021-12-01,08:00:00,17:00:00,4269.86
89313224,2022-04-29,08:00:00,17:00:00,5962.24
25954140,2022-10-14,08:00:00,17:00:00,4976.59
65926769,2021-09-20,08:00:00,17:00:00,5327.14
62827573,2020-08-20,08:00:00,17:00:00,4724.03
88823800,2023-12-25,08:00:00,17:00:00,5302.6
29752730,2024-05-23,08:00:00,17:00:00,3726.89
75046520,2021-10-16,08:00:00,17:00:00,4328.86
98042468,2021-04-12,08:00:00,17:00:00,3317.13
23130591,2023-02-28,08:00:00,17:00:00,5583.1
40909251,2024-03-26,08:00:00,17:00:00,4774.46
69392887,2024-06-07,08:00:00,17:00:00,4924.88
59753983,2024-04-16,08:00:00,17:00:00,3999.28
29871722,2023-07-23,08:00:00,17:00:00,3289.88
36390543,2023-09-07,08:00:00,17:00:00,4308.61
38261199,2022-01-02,08:00:00,17:00:00,3374.89
81944831,2024-02-29,08:00:00,17:00:00,3641.25
80664175,2020-07-06,08:00:00,17:00:00,3842.12
99121553,2023-04-17,08:00:00,17:00:00,4930.9
49445183,2021-09-16,08:00:00,17:00:00,3355.86
98261289,2022-05-09,08:00:00,17:00:00,5948.95
53216616,2022-04-16,08:00:00,17:00:00,4974.33
44844692,2023-04-18,08:00:00,17:00:00,3039.97
76480330,2020-08-28,08:00:00,17:00:00,4997.14
24110658,2022-06-19,08:00:00,17:00:00,4073.4
56035083,2021-12-12,08:00:00,17:00:00,4464.89
27923415,2023-05-03,08:00:00,17:00:00,4828.18
40244667,2021-10-16,08:00:00,17:00:00,5475.33
96086692,2021-08-10,08:00:00,17:00:00,4373.99
11025585,2022-06-07,08:00:00,17:00:00,5186.32
39634838,2020-07-01,08:00:00,17:00:00,5470.21
59466278,2021-07-30,08:00:00,17:00:00,3230.47
16765003,2020-08-05,08:00:00,17:00:00,5372.66
69410881,2022-08-22,08:00:00,17:00:00,5334.53
39021584,2020-07-02,08:00:00,17:00:00,5506.73
47692840,2021-12-22,08:00:00,17:00:00,3018.69
16332882,2021-07-25,08:00:00,17:00:00,5521.13
80108122,2022-12-03,08:00:00,17:00:00,5984.23
64664889,2024-03-20,08:00:00,17:00:00,4640.59
95262891,2021-11-04,08:00:00,17:00:00,3737.65
43720676,2020-08-12,08:00:00,17:00:00,3510.53
53955533,2020-08-13,08:00:00,17:00:00,5888.15
64482915,2020-12-08,08:00:00,17:00:00,5824.93
31930130,2021-02-03,08:00:00,17:00:00,4956.08
73111159,2023-06-30,08:00:00,17:00:00,3452.58
92006720,2022-02-24,08:00:00,17:00:00,5145.38
32522140,2024-04-02,08:00:00,17:00:00,4558.08
53133385,2021-11-03,08:00:00,17:00:00,3014.67
73674648,2024-05-05,08:00:00,17:00:00,3017.65
42785695,2022-06-08,08:00:00,17:00:00,5465.45
37295168,2020-08-26,08:00:00,17:00:00,3939.91
75541531,2023-11-06,08:00:00,17:00:00,3832.94
23108778,2023-03-18,08:00:00,17:00:00,5528.77
45097604,2021-07-07,08:00:00,17:00:00,3568.59
68232608,2021-12-06,08:00:00,17:00:00,4773.78
72599725,2020-07-13,08:00:00,17:00:00,4006.44
17439248,2021-01-27,08:00:00,17:00:00,4510.12
71540276,2024-03-20,08:00:00,17:00:00,5978.25
80664473,2023-04-22,08:00:00,17:00:00,3286.94
44302617,2024-02-09,08:00:00,17:00:00,3203.82
97295963,2023-09-01,08:00:00,17:00:00,4237.72
12192175,2021-01-31,08:00:00,17:00:00,3682.22
67763938,2022-11-15,08:00:00,17:00:00,4872.86
84481387,2023-02-04,08:00:00,17:00:00,3538.77
93806839,2024-01-28,08:00:00,17:00:00,3464.29
50451628,2021-01-03,08:00:00,17:00:00,4898.6
45607062,2022-03-19,08:00:00,17:00:00,4420.44
86511598,2020-07-05,08:00:00,17:00:00,5017.2
20266013,2021-09-27,08:00:00,17:00:00,3797.6
79454498,2020-08-05,08:00:00,17:00:00,5045.34
35365824,2024-06-12,08:00:00,17:00:00,5570.7
67006530,2022-10-12,08:00:00,17:00:00,5918.3
40966453,2020-12-18,08:00:00,17:00:00,4771.52
58403824,2024-04-17,08:00:00,17:00:00,3334.69
89957506,2023-02-08,08:00:00,17:00:00,5280.17
45637245,2022-02-22,08:00:00,17:00:00,3646.46
97414385,2021-01-22,08:00:00,17:00:00,3074.22
55206061,2023-06-16,08:00:00,17:00:00,5447.82
31086480,2023-07-26,08:00:00,17:00:00,5155.16
45337482,2021-08-13,08:00:00,17:00:00,4036.25
65906924,2021-07-06,08:00:00,17:00:00,4657.04
81966253,2023-11-13,08:00:00,17:00:00,3116.45
41954927,2021-06-09,08:00:00,17:00:00,5921.31
27622834,2020-11-01,08:00:00,17:00:00,5703.71
80028943,2023-05-02,08:00:00,17:00:00,4355.05
11176049,2022-10-12,08:00:00,17:00:00,5130.61
71695784,2021-08-06,08:00:00,17:00:00,5942.93
24461428,2022-08-10,08:00:00,17:00:00,4469.32
49087437,2022-04-21,08:00:00,17:00:00,5733.32
56080983,2023-02-21,08:00:00,17:00:00,3222.75
29861282,2023-06-30,08:00:00,17:00:00,5091.26
12673102,2021-09-26,08:00:00,17:00:00,3361.37
31133881,2021-10-18,08:00:00,17:00:00,5983.38
39187797,2023-03-10,08:00:00,17:00:00,5064.12
86242346,2023-05-23,08:00:00,17:00:00,5728.71
25335358,2021-09-21,08:00:00,17:00:00,3414.72
38064206,2021-10-11,08:00:00,17:00:00,3858.01
48873617,2020-11-07,08:00:00,17:00:00,4051.8
14761245,2021-10-14,08:00:00,17:00:00,4377.27
60086793,2021-06-08,08:00:00,17:00:00,5516.63
57653437,2021-03-05,08:00:00,17:00:00,5237.78
10596254,2021-06-02,08:00:00,17:00:00,4490.08
58308530,2024-03-01,08:00:00,17:00:00,3175.7
80521620,2021-03-30,08:00:00,17:00:00,3191.19
17027216,2020-10-09,08:00:00,17:00:00,5685.75
48230596,2022-10-14,08:00:00,17:00:00,3547.76
63475165,2020-10-14,08:00:00,17:00:00,4886.95
69480153,2023-04-01,08:00:00,17:00:00,5635.86
21094847,2022-10-22,08:00:00,17:00:00,3594.98
69363609,2020-07-01,08:00:00,17:00:00,3487.69
18551432,2023-10-07,08:00:00,17:00:00,3801.18
10909373,2023-04-14,08:00:00,17:00:00,4768.12
27463498,2020-12-01,08:00:00,17:00:00,5936.35
28005297,2021-06-30,08:00:00,17:00:00,3348.68
75836375,2023-07-14,08:00:00,17:00:00,5994.75
94334020,2021-04-15,08:00:00,17:00:00,3758.26
16189011,2021-03-20,08:00:00,17:00:00,5221.65
97599313,2022-07-01,08:00:00,17:00:00,4828.91
88924645,2023-04-13,08:00:00,17:00:00,5851.89
49328186,2023-05-26,08:00:00,17:00:00,4549.72
14485320,2024-04-08,08:00:00,17:00:00,3081.09
20151600,2023-02-06,08:00:00,17:00:00,5396.59
61427405,2023-09-25,08:00:00,17:00:00,5798.98
93383432,2020-08-21,08:00:00,17:00:00,5743.86
95015576,2021-06-03,08:00:00,17:00:00,5685.79
84337157,2022-02-17,08:00:00,17:00:00,5029.07
59881939,2022-05-03,08:00:00,17:00:00,5400.32
14819809,2023-11-21,08:00:00,17:00:00,5165.1
69763267,2024-04-23,08:00:00,17:00:00,4850.97
43428095,2023-06-30,08:00:00,17:00:00,4928.39
25471476,2021-05-29,08:00:00,17:00:00,3556.23
11325666,2023-01-28,08:00:00,17:00:00,3554.91
32254947,2021-04-01,08:00:00,17:00:00,5857.38
75660338,2023-11-29,08:00:00,17:00:00,3247.79
61450878,2022-07-16,08:00:00,17:00:00,5070.17
11642271,2022-02-03,08:00:00,17:00:00,4976.04
45488370,2022-09-21,08:00:00,17:00:00,5193.1
82231807,2023-10-11,08:00:00,17:00:00,3367.85
10256972,2020-12-20,08:00:00,17:00:00,4914.87
47252289,2022-09-26,08:00:00,17:00:00,3892.84
60029431,2023-12-02,08:00:00,17:00:00,3604.64
47224939,2021-10-14,08:00:00,17:00:00,5299.19
38003234,2020-09-25,08:00:00,17:00:00,5186.4
73665360,2022-04-06,08:00:00,17:00:00,3124.6
60273575,2021-04-13,08:00:00,17:00:00,4449.29
81237849,2023-10-23,08:00:00,17:00:00,5641.03
74914601,2024-05-02,08:00:00,17:00:00,4155.79
95117326,2024-05-19,08:00:00,17:00:00,5845.16
60657134,2023-10-31,08:00:00,17:00:00,4242.41
48064784,2023-11-12,08:00:00,17:00:00,5578.76
91077926,2023-01-25,08:00:00,17:00:00,5855.66
97136949,2020-07-07,08:00:00,17:00:00,5993.28
68460044,2023-03-29,08:00:00,17:00:00,4472.14
68374456,2023-07-03,08:00:00,17:00:00,5524.32
31635341,2024-03-04,08:00:00,17:00:00,4796.6
43467534,2021-02-26,08:00:00,17:00:00,4091.2
90635502,2022-04-20,08:00:00,17:00:00,5320.26
65228872,2020-09-09,08:00:00,17:00:00,3125.73
69602892,2022-10-05,08:00:00,17:00:00,4036.25
64954174,2022-10-05,08:00:00,17:00:00,3061.88
78390733,2022-07-08,08:00:00,17:00:00,4645.54
77887915,2022-07-16,08:00:00,17:00:00,3611.78
15601285,2021-08-29,08:00:00,17:00:00,5001.64
62526963,2022-11-27,08:00:00,17:00:00,5594.08
81727312,2023-05-02,08:00:00,17:00:00,4070.3
87038565,2022-07-23,08:00:00,17:00:00,4941.11
24636945,2022-12-23,08:00:00,17:00:00,4221.99
69798445,2020-08-12,08:00:00,17:00:00,5445.44
11618689,2023-04-15,08:00:00,17:00:00,3061.34
52464263,2024-03-06,08:00:00,17:00:00,4671.36
33321396,2020-10-31,08:00:00,17:00:00,4977.43
30263486,2021-07-31,08:00:00,17:00:00,4078.08
91961702,2023-05-06,08:00:00,17:00:00,4442.41
60005039,2021-08-04,08:00:00,17:00:00,3444.91
14175260,2023-10-21,08:00:00,17:00:00,5821.76
56550273,2021-09-04,08:00:00,17:00:00,4690.5
20442111,2023-11-15,08:00:00,17:00:00,3459.26
32429527,2023-09-12,08:00:00,17:00:00,3719.04
77120987,2024-05-25,08:00:00,17:00:00,4198.29
59510631,2020-09-29,08:00:00,17:00:00,3564.52
52926917,2023-01-14,08:00:00,17:00:00,5222.3
65900015,2021-02-03,08:00:00,17:00:00,4311.48
41356160,2020-09-07,08:00:00,17:00:00,3431.46
96290143,2020-11-19,08:00:00,17:00:00,3483.4
32962082,2020-07-02,08:00:00,17:00:00,3109.24
50997317,2024-02-08,08:00:00,17:00:00,4946.44
15160099,2023-04-17,08:00:00,17:00:00,3516.75
40770156,2023-09-27,08:00:00,17:00:00,4153.4
16920802,2023-07-21,08:00:00,17:00:00,3890.51
45228892,2024-05-03,08:00:00,17:00:00,3718.56
77179451,2020-10-01,08:00:00,17:00:00,3802.56
36461551,2022-12-13,08:00:00,17:00:00,3400.68
71816769,2021-04-09,08:00:00,17:00:00,5614.8
90034179,2023-04-12,08:00:00,17:00:00,4897.36
43423477,2022-03-31,08:00:00,17:00:00,3577.29
73817050,2021-10-04,08:00:00,17:00:00,3350.54
64790429,2021-06-24,08:00:00,17:00:00,4653.43
37660996,2022-09-29,08:00:00,17:00:00,3836.14
30877024,2023-07-18,08:00:00,17:00:00,5434.2
15596923,2020-07-11,08:00:00,17:00:00,3627.52
55449676,2020-11-07,08:00:00,17:00:00,3046.33
96761312,2021-02-13,08:00:00,17:00:00,5112.98
64229065,2023-02-10,08:00:00,17:00:00,4435.06
66481289,2023-09-08,08:00:00,17:00:00,4802.76
92653471,2022-09-16,08:00:00,17:00:00,5212.79
78378291,2022-11-15,08:00:00,17:00:00,5028.61
55280175,2021-07-23,08:00:00,17:00:00,5364.0
12603010,2022-05-10,08:00:00,17:00:00,4829.38
24069701,2022-12-27,08:00:00,17:00:00,5804.21
63459626,2022-11-21,08:00:00,17:00:00,5800.04
19045156,2022-04-25,08:00:00,17:00:00,3854.87
38570199,2022-11-28,08:00:00,17:00:00,4751.8
13185275,2024-04-10,08:00:00,17:00:00,5522.91
87286126,2021-09-14,08:00:00,17:00:00,3693.16
13885791,2023-05-06,08:00:00,17:00:00,3221.5
25600381,2022-01-04,08:00:00,17:00:00,5756.91
13459232,2023-12-27,08:00:00,17:00:00,4638.11
22056369,2023-04-18,08:00:00,17:00:00,3351.54
43186321,2024-04-22,08:00:00,17:00:00,3527.59
41717378,2021-03-31,08:00:00,17:00:00,4798.84
77382100,2023-10-28,08:00:00,17:00:00,4187.24
98003966,2023-09-03,08:00:00,17:00:00,3513.93
26038891,2020-08-10,08:00:00,17:00:00,4446.5
98599981,2024-05-07,08:00:00,17:00:00,3920.52
22875300,2023-08-31,08:00:00,17:00:00,5788.9
46586390,2022-01-10,08:00:00,17:00:00,3940.79
73042324,2022-07-28,08:00:00,17:00:00,4226.62
69958576,2022-12-03,08:00:00,17:00:00,5863.36
66678245,2021-05-16,08:00:00,17:00:00,5819.29
77656107,2022-08-15,08:00:00,17:00:00,3245.66
98246960,2023-08-11,08:00:00,17:00:00,5301.12
16145808,2023-12-15,08:00:00,17:00:00,5326.7
23553506,2023-01-04,08:00:00,17:00:00,5434.71
70367441,2021-11-21,08:00:00,17:00:00,3941.08
76152303,2021-05-02,08:00:00,17:00:00,3550.9
78492224,2022-03-23,08:00:00,17:00:00,5384.44
41918788,2023-01-19,08:00:00,17:00:00,4856.78
91608360,2021-12-31,08:00:00,17:00:00,4955.16
54574435,2021-01-18,08:00:00,17:00:00,4959.18
74564859,2021-06-05,08:00:00,17:00:00,5058.68
83572394,2023-01-31,08:00:00,17:00:00,4715.42
62709783,2021-08-16,08:00:00,17:00:00,5276.56
56340310,2021-03-29,08:00:00,17:00:00,3845.68
71384339,2023-07-16,08:00:00,17:00:00,4558.64
16431860,2021-02-11,08:00:00,17:00:00,3281.6
49334755,2021-05-12,08:00:00,17:00:00,4656.35
75884418,2020-07-19,08:00:00,17:00:00,5987.9
35607255,2022-12-03,08:00:00,17:00:00,3521.5
66352198,2021-03-13,08:00:00,17:00:00,5773.09
86809333,2024-04-29,08:00:00,17:00:00,5297.8
61709937,2022-04-15,08:00:00,17:00:00,4524.68
26686504,2023-01-05,08:00:00,17:00:00,5547.68
88286746,2023-01-19,08:00:00,17:00:00,4951.59
97667814,2020-11-24,08:00:00,17:00:00,3533.02
24369148,2024-04-29,08:00:00,17:00:00,3701.9
28668963,2021-11-13,08:00:00,17:00:00,5645.3
86995082,2022-04-11,08:00:00,17:00:00,3239.78
52959416,2023-10-30,08:00:00,17:00:00,3816.09
29192878,2021-10-12,08:00:00,17:00:00,5250.68
95439176,2022-07-23,08:00:00,17:00:00,3692.34
14633721,2023-08-29,08:00:00,17:00:00,4673.04
75158810,2023-09-23,08:00:00,17:00:00,3028.08
70162263,2021-07-23,08:00:00,17:00:00,4608.1
12257062,2020-10-26,08:00:00,17:00:00,4326.37
21564096,2022-03-22,08:00:00,17:00:00,5606.21
79346725,2021-06-11,08:00:00,17:00:00,5967.92
40116984,2021-12-12,08:00:00,17:00:00,3191.11
12318396,2021-05-24,08:00:00,17:00:00,5347.59
44920424,2022-05-01,08:00:00,17:00:00,5052.56
57676374,2023-10-20,08:00:00,17:00:00,3376.67
28083833,2020-07-10,08:00:00,17:00:00,4563.65
11184438,2022-08-19,08:00:00,17:00:00,5815.07
37884204,2022-03-19,08:00:00,17:00:00,3324.83
44780803,2021-03-07,08:00:00,17:00:00,5566.33
11106853,2021-01-10,08:00:00,17:00:00,4140.59
93845963,2022-03-23,08:00:00,17:00:00,3181.24
11790609,2021-05-09,08:00:00,17:00:00,4039.79
79911050,2023-02-16,08:00:00,17:00:00,5435.91
38988258,2022-11-06,08:00:00,17:00:00,3658.7
13210319,2020-07-22,08:00:00,17:00:00,4099.99
50304270,2021-12-27,08:00:00,17:00:00,4968.32
45336358,2023-01-07,08:00:00,17:00:00,4955.42
13144711,2023-08-17,08:00:00,17:00:00,4348.17
28728979,2021-08-13,08:00:00,17:00:00,3551.37
18636349,2020-07-23,08:00:00,17:00:00,5975.78
96981576,2022-03-07,08:00:00,17:00:00,3857.31
59367930,2022-04-09,08:00:00,17:00:00,3072.47
83928303,2021-06-06,08:00:00,17:00:00,3510.15
10626669,2022-09-25,08:00:00,17:00:00,5361.18
76940504,2023-07-19,08:00:00,17:00:00,3633.89
86116525,2022-04-21,08:00:00,17:00:00,3957.41
53791468,2023-08-17,08:00:00,17:00:00,5260.57
45120311,2021-03-19,08:00:00,17:00:00,4235.47
55758338,2021-09-24,08:00:00,17:00:00,4865.96
19193014,2024-02-26,08:00:00,17:00:00,5400.53
56027724,2020-09-05,08:00:00,17:00:00,5379.74
38227535,2022-03-29,08:00:00,17:00:00,4992.03
73507702,2021-11-02,08:00:00,17:00:00,5812.29
49166714,2022-02-24,08:00:00,17:00:00,5470.61
99501441,2021-02-22,08:00:00,17:00:00,5604.71
56699122,2022-08-18,08:00:00,17:00:00,3519.82
53756394,2023-03-27,08:00:00,17:00:00,4864.68
57765117,2023-04-16,08:00:00,17:00:00,4456.63
34050973,2022-06-01,08:00:00,17:00:00,3861.26
85715723,2022-02-12,08:00:00,17:00:00,5290.28
78387732,2020-09-10,08:00:00,17:00:00,4052.31
93421649,2022-05-29,08:00:00,17:00:00,4653.25
36747328,2023-06-27,08:00:00,17:00:00,4643.96
28244411,2023-12-08,08:00:00,17:00:00,3740.82
76228992,2023-12-05,08:00:00,17:00:00,5481.75
76475717,2021-07-27,08:00:00,17:00:00,3191.3
22443577,2022-10-23,08:00:00,17:00:00,4247.18
69744285,2022-02-18,08:00:00,17:00:00,5056.24
88861763,2023-09-05,08:00:00,17:00:00,3579.31
87341022,2020-12-19,08:00:00,17:00:00,5306.32
89899337,2023-01-04,08:00:00,17:00:00,5317.58
10558773,2023-08-29,08:00:00,17:00:00,5633.39
73033423,2024-06-05,08:00:00,17:00:00,5235.42
59235115,2020-08-19,08:00:00,17:00:00,3627.68
16067336,2023-03-05,08:00:00,17:00:00,5891.47
61844642,2023-09-04,08:00:00,17:00:00,5609.5
58158495,2024-01-25,08:00:00,17:00:00,4251.81
12610016,2022-04-30,08:00:00,17:00:00,5549.32
18212137,2024-01-22,08:00:00,17:00:00,5585.01
46451267,2024-01-04,08:00:00,17:00:00,5056.62
16634262,2024-01-10,08:00:00,17:00:00,4344.6
10997370,2024-01-23,08:00:00,17:00:00,3761.75
46353063,2021-06-10,08:00:00,17:00:00,5745.11
77569719,2020-10-19,08:00:00,17:00:00,4643.19
33645293,2023-01-12,08:00:00,17:00:00,4492.25
66767046,2021-03-29,08:00:00,17:00:00,4085.98
83460486,2022-12-18,08:00:00,17:00:00,3528.69
76648431,2020-08-14,08:00:00,17:00:00,5556.9
68440509,2021-03-10,08:00:00,17:00:00,4422.31
37275138,2023-04-02,08:00:00,17:00:00,3112.0
50457938,2022-03-20,08:00:00,17:00:00,4822.12
12966773,2023-11-13,08:00:00,17:00:00,3764.81
42088868,2022-12-22,08:00:00,17:00:00,4823.11
58126467,2024-01-02,08:00:00,17:00:00,5333.66
78494782,2020-12-14,08:00:00,17:00:00,5827.88
97678301,2023-06-29,08:00:00,17:00:00,3065.28
63259320,2021-06-27,08:00:00,17:00:00,4537.41
45801062,2022-10-07,08:00:00,17:00:00,4513.65
99878666,2022-02-18,08:00:00,17:00:00,3424.76
40451621,2022-05-14,08:00:00,17:00:00,3505.39
27280739,2020-07-07,08:00:00,17:00:00,4429.23
69791682,2023-03-24,08:00:00,17:00:00,3250.14
27659932,2023-07-09,08:00:00,17:00:00,4341.77
92980868,2023-02-27,08:00:00,17:00:00,3368.96
56655613,2023-11-13,08:00:00,17:00:00,4694.14
97156866,2022-01-24,08:00:00,17:00:00,3427.39
38433959,2021-09-09,08:00:00,17:00:00,5512.86
16924125,2020-12-02,08:00:00,17:00:00,3783.04
12841268,2022-07-02,08:00:00,17:00:00,3138.94
95576140,2023-01-29,08:00:00,17:00:00,5735.45
64716561,2021-01-24,08:00:00,17:00:00,3509.81
62797970,2023-04-02,08:00:00,17:00:00,5748.58
53589846,2021-12-20,08:00:00,17:00:00,3117.97
55615456,2020-11-29,08:00:00,17:00:00,3434.15
56324588,2022-02-12,08:00:00,17:00:00,4532.55
92557814,2024-03-04,08:00:00,17:00:00,4759.7
25013747,2021-04-28,08:00:00,17:00:00,5180.17
41664567,2021-06-05,08:00:00,17:00:00,4049.92
60166984,2022-11-07,08:00:00,17:00:00,5587.81
11557278,2023-08-09,08:00:00,17:00:00,4745.93
19556730,2020-12-16,08:00:00,17:00:00,3906.14
41919043,2020-07-30,08:00:00,17:00:00,5202.23
42156066,2023-12-25,08:00:00,17:00:00,3511.91
85019632,2024-04-28,08:00:00,17:00:00,4276.1
78118989,2021-11-13,08:00:00,17:00:00,5774.92
85075043,2021-07-18,08:00:00,17:00:00,4779.07
68595315,2022-06-02,08:00:00,17:00:00,4152.66
34223480,2024-03-28,08:00:00,17:00:00,5925.44
96378518,2022-01-31,08:00:00,17:00:00,5616.73
91230318,2024-05-07,08:00:00,17:00:00,3519.13
40428627,2021-05-01,08:00:00,17:00:00,4285.58
39156299,2023-09-18,08:00:00,17:00:00,5936.31
99715057,2023-09-11,08:00:00,17:00:00,3311.24
87226532,2023-12-28,08:00:00,17:00:00,5533.64
88493692,2021-07-30,08:00:00,17:00:00,4615.43
89691504,2020-12-28,08:00:00,17:00:00,5775.99
95061932,2021-04-20,08:00:00,17:00:00,5259.34
98484225,2021-08-28,08:00:00,17:00:00,5971.72
98471030,2024-06-04,08:00:00,17:00:00,4689.66
96344979,2020-11-05,08:00:00,17:00:00,3962.65
48366077,2022-12-09,08:00:00,17:00:00,3363.83
83964722,2024-02-26,08:00:00,17:00:00,4066.04
78583065,2022-10-30,08:00:00,17:00:00,5010.17
96077032,2021-05-08,08:00:00,17:00:00,3625.64
23553707,2020-08-22,08:00:00,17:00:00,3566.12
13508083,2021-04-08,08:00:00,17:00:00,4642.25
50993295,2023-05-14,08:00:00,17:00:00,5399.78
50761329,2022-07-15,08:00:00,17:00:00,3794.92
83474185,2024-06-07,08:00:00,17:00:00,4904.63
37130579,2023-04-30,08:00:00,17:00:00,5102.26
91874290,2020-10-27,08:00:00,17:00:00,5135.97
15535405,2022-07-19,08:00:00,17:00:00,4111.28
27131157,2021-04-05,08:00:00,17:00:00,4772.83
28628489,2022-08-22,08:00:00,17:00:00,3951.25
67633371,2023-06-13,08:00:00,17:00:00,5362.64
42185523,2021-05-15,08:00:00,17:00:00,5191.7
30293583,2021-08-21,08:00:00,17:00:00,3590.83
71101432,2020-07-08,08:00:00,17:00:00,5682.84
49130139,2021-10-22,08:00:00,17:00:00,5748.67
59415829,2023-06-25,08:00:00,17:00:00,4877.74
11443418,2023-09-05,08:00:00,17:00:00,5352.09
39112758,2022-12-22,08:00:00,17:00:00,3120.62
11221468,2023-09-09,08:00:00,17:00:00,3120.0
21232088,2023-01-31,08:00:00,17:00:00,4337.33
30601590,2022-11-15,08:00:00,17:00:00,4905.97
38677838,2022-04-21,08:00:00,17:00:00,3647.13
49814797,2022-11-25,08:00:00,17:00:00,4139.63
79604102,2021-11-04,08:00:00,17:00:00,5379.33
86905285,2022-05-12,08:00:00,17:00:00,4723.19
16216118,2021-04-08,08:00:00,17:00:00,4790.04
50964636,2021-12-22,08:00:00,17:00:00,5886.09
37775079,2023-08-15,08:00:00,17:00:00,4507.67
60477193,2020-08-30,08:00:00,17:00:00,4388.83
55856793,2021-06-30,08:00:00,17:00:00,4277.86
15667962,2022-10-08,08:00:00,17:00:00,5774.71
70244207,2023-09-18,08:00:00,17:00:00,5273.37
54252367,2021-08-10,08:00:00,17:00:00,3363.33
81957023,2023-06-25,08:00:00,17:00:00,4200.96
41197577,2021-09-26,08:00:00,17:00:00,4744.5
77083687,2022-08-25,08:00:00,17:00:00,3564.34
14581323,2023-04-07,08:00:00,17:00:00,5002.66
52572807,2021-08-20,08:00:00,17:00:00,3191.13
10215212,2020-09-14,08:00:00,17:00:00,5170.26
36463603,2020-12-26,08:00:00,17:00:00,5726.52
56051381,2020-08-22,08:00:00,17:00:00,4841.31
18519602,2023-09-27,08:00:00,17:00:00,4172.38
76860157,2023-11-09,08:00:00,17:00:00,4727.66
15999891,2022-01-26,08:00:00,17:00:00,4182.99
14268703,2022-03-06,08:00:00,17:00:00,3231.57
45683638,2022-07-21,08:00:00,17:00:00,5547.11
61019823,2022-12-13,08:00:00,17:00:00,5116.47
33822100,2022-03-01,08:00:00,17:00:00,4773.17
64337870,2021-04-24,08:00:00,17:00:00,4420.14
25467987,2023-09-27,08:00:00,17:00:00,5314.27
33671092,2022-12-07,08:00:00,17:00:00,4179.74
40406854,2023-02-05,08:00:00,17:00:00,5053.32
33433723,2023-11-25,08:00:00,17:00:00,5123.82
64384858,2023-10-07,08:00:00,17:00:00,3150.85
39502539,2021-07-11,08:00:00,17:00:00,3785.42
63233954,2022-06-10,08:00:00,17:00:00,3306.99
55718538,2024-04-10,08:00:00,17:00:00,3740.66
84579373,2021-12-01,08:00:00,17:00:00,3568.54
79498424,2023-04-13,08:00:00,17:00:00,3098.55
13426334,2023-06-02,08:00:00,17:00:00,4930.57
78993593,2022-04-07,08:00:00,17:00:00,3440.8
14555590,2020-12-18,08:00:00,17:00:00,4416.58
67830231,2024-01-27,08:00:00,17:00:00,3173.77
78012878,2021-07-03,08:00:00,17:00:00,3832.52
31355375,2021-03-31,08:00:00,17:00:00,4872.92
16677302,2022-03-29,08:00:00,17:00:00,4462.37
87456883,2023-09-23,08:00:00,17:00:00,5581.75
12069035,2022-03-15,08:00:00,17:00:00,4921.04
78253308,2022-09-19,08:00:00,17:00:00,4457.64
10956097,2023-08-20,08:00:00,17:00:00,3699.82
86894354,2021-10-17,08:00:00,17:00:00,4574.83
17841475,2022-02-02,08:00:00,17:00:00,5075.27
31211558,2023-08-09,08:00:00,17:00:00,3254.45
49066193,2023-05-19,08:00:00,17:00:00,5636.65
60321444,2021-09-10,08:00:00,17:00:00,5715.02
58258218,2020-12-08,08:00:00,17:00:00,3917.44
18900849,2021-02-03,08:00:00,17:00:00,5616.79
17039142,2023-09-18,08:00:00,17:00:00,5026.89
29607084,2020-11-02,08:00:00,17:00:00,5509.64
63451327,2021-12-10,08:00:00,17:00:00,4021.88
51609512,2023-02-10,08:00:00,17:00:00,4448.58
76359520,2023-07-17,08:00:00,17:00:00,3900.39
68765916,2023-04-04,08:00:00,17:00:00,5535.62
13798086,2024-01-30,08:00:00,17:00:00,3109.46
53407231,2023-05-21,08:00:00,17:00:00,5377.94
11269376,2024-04-05,08:00:00,17:00:00,3821.72
41980584,2021-11-24,08:00:00,17:00:00,4059.17
50655833,2023-10-25,08:00:00,17:00:00,3724.82
27810270,2023-05-16,08:00:00,17:00:00,3772.92
45904405,2020-07-31,08:00:00,17:00:00,5812.57
68212289,2023-12-28,08:00:00,17:00:00,5757.34
15724328,2020-10-22,08:00:00,17:00:00,4637.45
87144128,2022-07-16,08:00:00,17:00:00,5233.54
64488190,2021-07-01,08:00:00,17:00:00,3244.93
56004155,2023-09-15,08:00:00,17:00:00,3546.33
77226327,2020-07-17,08:00:00,17:00:00,3222.16
24468594,2024-05-15,08:00:00,17:00:00,5112.43
25366102,2020-12-13,08:00:00,17:00:00,5629.95
53239040,2023-08-23,08:00:00,17:00:00,3783.61
68042277,2024-03-29,08:00:00,17:00:00,4574.27
51450233,2023-10-16,08:00:00,17:00:00,3682.51
