id,dni_persona,nombre,ruc_proveedor,stock,precio
1,46473375,impedit,87257009963,241,25.01
2,86322048,dolore,39633169062,343,91.02
3,36039097,et,73717791422,396,81.53
4,53763372,sequi,65528180298,948,120.03
5,75654794,sit,58981941870,83,160.31
6,20666136,nihil,79974292246,828,180.96
7,29006522,tempora,42654502748,489,38.0
8,25468316,rem,47740893336,225,153.69
9,91434258,dolorum,29108153832,307,117.79
10,17198469,reiciendis,69831576294,34,79.76
11,61252501,architecto,33448538428,606,69.57
12,29006522,ducimus,94718088152,123,166.44
13,95137467,exercitationem,30628872431,738,99.11
14,64855873,tempore,83345758491,283,76.35
15,64400680,placeat,66240626456,357,52.01
16,46405237,repellat,14705315412,667,77.87
17,48915444,ducimus,90808973975,37,158.51
18,18567066,adipisci,54180885072,756,103.77
19,41802112,iure,80922634902,539,53.96
20,49520310,explicabo,12369937109,940,193.06
21,88760468,natus,47477780857,67,173.43
22,78153610,est,88178916925,626,34.72
23,17198469,voluptatum,25538727635,531,73.04
24,43125838,quos,18475543735,608,127.3
25,75335517,libero,46136642502,200,90.45
26,79411775,voluptatem,65551286559,658,27.02
27,65409503,cumque,17447637584,822,135.76
28,18550714,ea,39633169062,834,127.77
29,70153687,at,82306613259,563,180.97
30,76221312,beatae,49516265396,899,54.51
31,80740321,ad,21391862032,494,89.33
32,32961636,veritatis,57753823148,949,12.57
33,80946472,laudantium,82895800919,243,54.93
34,65409503,dignissimos,12596468595,314,48.75
35,76221312,corporis,66413501539,280,102.71
36,78968205,veritatis,47290366697,739,129.82
37,39817438,culpa,66198013740,688,97.56
38,49887786,itaque,66333596547,249,35.44
39,78565780,quo,95283262036,177,61.66
40,15076076,dolorem,54806339625,1000,181.77
41,82133136,cupiditate,40739130987,69,153.93
42,21894049,magnam,84169800542,994,94.0
43,91388042,accusantium,96305004899,150,145.56
44,42186939,in,79914658122,17,72.1
45,27435292,minus,14123809443,768,169.15
46,66750958,facilis,72140043849,698,15.62
47,36846821,vero,58049329289,914,8.34
48,46469482,ipsa,65801523336,640,74.9
49,74616083,sequi,62842947941,155,140.05
50,61218992,voluptatum,35156323887,741,161.23
51,23229736,magni,92722590087,122,152.08
52,62158303,ullam,53098147490,666,118.66
53,51091899,repellat,21370617176,256,147.45
54,15853964,incidunt,17530391057,170,28.76
55,47147876,mollitia,45639427180,464,34.91
56,46473375,amet,32657009807,851,20.79
57,71123269,debitis,57967190440,565,138.27
58,88841532,praesentium,69819326667,530,16.1
59,29354729,unde,44514892773,192,184.22
60,11052136,repellendus,90808973975,951,36.23
61,81132028,nulla,10698746050,106,101.03
62,39345796,qui,10701654592,568,20.15
63,33343893,praesentium,86779105847,711,80.36
64,54521429,ipsum,81409595272,689,184.77
65,32797562,quasi,21812588325,641,177.33
66,42908634,adipisci,12480858500,395,118.88
67,95507450,repellat,46557032335,908,130.01
68,75335517,deserunt,86392658741,391,91.13
69,72728137,vero,50956495065,866,83.69
70,47123654,nulla,19875180430,179,158.63
71,95137467,animi,11976939798,233,26.88
72,44218453,praesentium,22159083214,172,117.62
73,54898251,exercitationem,65550988854,466,121.9
74,92887994,cum,88954990317,475,11.88
75,97927112,commodi,70271057822,958,123.23
76,12538687,vitae,80753843543,822,180.47
77,24406419,harum,44761982751,705,114.91
78,33932545,soluta,49677542700,530,116.67
79,45622200,quisquam,32175388673,271,151.27
80,45016628,natus,75279145063,128,40.15
81,14720681,omnis,94766354775,264,173.5
82,17198469,eum,67846902700,478,192.55
83,45622200,debitis,53177943556,109,192.66
84,79355905,consectetur,59170204320,432,108.22
85,81490643,ut,10533113005,232,136.37
86,59909328,soluta,20982182102,140,111.74
87,69028197,porro,28943599832,287,92.07
88,30959549,odit,37683129449,695,90.57
89,21701228,incidunt,57753823148,456,113.76
90,20241337,molestiae,66058783574,717,144.46
91,72728137,alias,40040554108,666,101.0
92,42307584,expedita,99979316856,553,52.92
93,13787771,dolore,54289982464,841,134.14
94,11413976,consequatur,42936525313,212,115.88
95,86877741,nostrum,45780307420,899,136.74
96,83766737,officiis,71008146661,594,26.97
97,69395893,deserunt,37794169075,897,182.46
98,43029803,voluptas,87738278369,61,198.5
99,74291880,neque,86392658741,401,55.07
100,48076124,ipsum,48789890750,399,179.18
101,62299144,aut,43209193429,725,94.0
102,84201096,odio,46196600979,159,195.27
103,81769153,illo,49677542700,516,179.35
104,82748200,sint,41036587743,497,122.04
105,61402759,tempora,20663334098,694,14.65
106,86717653,ex,68360690393,989,77.88
107,39567474,animi,87539910181,488,85.31
108,44421220,soluta,38853527353,689,183.05
109,56332020,quod,99827203705,468,125.18
110,86819485,facere,12968829819,609,131.86
111,63501688,mollitia,36825531861,570,129.15
112,75113625,debitis,42561272763,258,62.39
113,94429597,quod,59170204320,676,91.16
114,11877651,facilis,73065765949,530,190.95
115,14096073,officia,17583314214,786,85.37
116,11877651,nostrum,28768004745,521,22.76
117,44433867,animi,86131037049,787,133.12
118,93520557,tempore,50220780074,116,185.75
119,74686216,nihil,87026890414,894,115.99
120,70153687,magnam,61647345068,761,145.49
121,86145261,magnam,47120973233,898,19.78
122,30959549,et,31227492933,651,63.57
123,31244148,qui,72460334359,652,93.84
124,39025050,enim,81605468426,771,164.5
125,60325101,atque,77996794430,312,74.22
126,42908634,odio,79240471942,848,183.36
127,79977277,inventore,58627879086,715,25.27
128,94429597,perspiciatis,76876434685,214,80.49
129,85434885,quis,35223753461,986,176.67
130,78968205,recusandae,27357445421,226,6.29
131,82317091,consequuntur,74608369499,754,90.05
132,65441288,rerum,78672141332,617,12.34
133,64400680,ex,16874661417,401,141.22
134,81039607,corrupti,64665409207,673,67.87
135,26331786,at,36873428939,263,115.56
136,97995808,facere,85284368933,740,33.21
137,81680931,laudantium,28306663760,363,172.97
138,11413976,nisi,76943588496,31,170.77
139,95170508,nemo,48780013818,998,77.51
140,78347148,perspiciatis,84550107413,745,85.74
141,93589189,quas,95283262036,172,82.57
142,49100956,omnis,20663334098,200,173.64
143,95198633,laudantium,24808850475,430,123.33
144,81039607,nemo,63061513568,373,157.68
145,40732338,amet,16680634782,308,161.33
146,61920395,harum,84519428483,136,112.91
147,73469543,vel,97513353616,710,146.88
148,76224474,consequatur,91633339673,377,29.13
149,85434885,explicabo,43986507089,173,181.09
150,89535902,rerum,15980741846,547,194.43
151,58879690,velit,40939515190,673,146.86
152,85536234,quisquam,44834968752,244,174.96
153,40755075,at,47612025641,908,164.28
154,81730307,provident,86033892645,530,118.95
155,19400393,fugit,72506372940,367,60.0
156,83766737,consequuntur,62120796139,591,196.12
157,69028197,labore,31879983707,372,77.17
158,53137270,ipsa,87531590031,950,73.03
159,88652724,vero,23904606312,899,115.23
160,39345796,cupiditate,21648967294,561,122.57
161,63619119,iure,75475739543,633,29.67
162,49914674,id,40471366742,566,29.93
163,51133228,ex,17471370006,530,32.31
164,55346701,veniam,53780934270,849,29.71
165,61252501,hic,82341333120,464,179.16
166,79166488,quas,55844870689,946,6.65
167,72377122,eum,88407284265,663,169.85
168,63958509,voluptatum,23608198533,672,140.23
169,26991361,ex,58418887415,229,75.86
170,74531058,atque,47120973233,61,170.7
171,69395893,quos,92173394059,655,199.39
172,29354729,amet,49552549686,573,176.42
173,30301805,alias,12319670820,560,96.0
174,11877651,dolorem,71622265728,412,8.46
175,20461327,modi,80922634902,450,115.49
176,80946472,quis,64665409207,978,106.07
177,21894049,quam,82281934874,314,167.88
178,84864432,iusto,79628238865,592,40.91
179,19485489,ratione,97369756123,332,93.24
180,39819579,rerum,43829442944,156,186.3
181,80740321,dolores,38814152957,668,169.31
182,81490643,sapiente,38698412075,987,160.73
183,20666136,aliquid,69234226001,881,61.51
184,82899791,ducimus,14705315412,152,115.76
185,31578948,quas,87458722777,974,99.04
186,17112754,excepturi,21812588325,787,113.74
187,79411775,dignissimos,90188871532,205,137.89
188,57504373,quia,17583314214,504,81.19
189,80622929,asperiores,43855616123,252,5.37
190,65005742,optio,60595316707,464,164.23
191,10144423,neque,93714069534,632,180.07
192,14720430,iusto,87223327387,481,127.65
193,17198469,alias,40697632295,343,25.46
194,96327996,ipsum,89017196992,107,78.57
195,56685939,et,22159083214,171,190.87
196,24309235,cum,25676921847,70,146.31
197,63619855,unde,14918576996,465,68.37
198,39105153,nostrum,15529619219,107,98.89
199,80946472,amet,47654434080,91,149.05
200,81730307,nostrum,33249251471,166,25.94
201,94429597,culpa,95177422183,755,164.53
202,45016628,nesciunt,70008314063,465,68.44
203,47123654,quisquam,64932535649,655,188.43
204,88864603,facilis,29395357407,451,176.36
205,68832950,rem,95375269019,863,146.43
206,56685939,consequuntur,66045401174,508,107.74
207,43887256,reiciendis,50956495065,729,65.0
208,77802205,ut,59212285351,797,153.56
209,33932545,magni,55146242771,118,161.07
210,74686216,deleniti,20935696329,567,110.61
211,22499045,nesciunt,30628872431,588,142.12
212,97995808,possimus,11245992998,788,13.69
213,33410115,nisi,42989698576,214,11.93
214,61218992,laborum,67264389710,630,38.25
215,63665661,porro,64241975850,146,173.85
216,17049041,fugit,98176367915,806,158.47
217,84201096,illo,53029095195,946,115.68
218,24692099,repudiandae,40744034667,745,173.56
219,19400393,id,50956495065,235,59.32
220,30706123,vitae,19384232486,647,168.73
221,88878566,vel,30248428197,638,127.32
222,56744379,provident,19824303437,236,139.21
223,70953217,ad,33758531572,801,62.73
224,43125838,consequuntur,83434614871,646,83.41
225,46725813,quisquam,50220780074,795,73.43
226,67547523,ipsum,73717791422,823,108.23
227,82767639,quos,47244776642,859,92.84
228,19073877,tenetur,83684252293,317,15.95
229,77801631,ratione,52120384586,899,191.76
230,36654427,illum,44667343472,929,142.56
231,53840772,vitae,24827543719,482,105.84
232,94429597,veritatis,26498718461,606,53.62
233,12538687,saepe,11987230818,280,103.48
234,20417325,commodi,37814457490,798,78.0
235,97995808,sequi,17463324026,59,141.89
236,77965649,at,63676925923,321,95.04
237,50494764,unde,11254536728,545,17.8
238,38963092,illum,60338816547,426,153.35
239,41802112,eaque,60560559980,551,51.7
240,43677965,praesentium,16307498610,591,61.36
241,66474945,beatae,26076326978,548,154.54
242,76250134,tempora,32111150816,984,31.26
243,70153687,soluta,16075214945,999,75.3
244,10144423,corporis,84433908925,890,148.45
245,48915444,quidem,31227492933,723,38.62
246,14414156,doloremque,52672222650,543,176.59
247,65735412,pariatur,37683129449,80,133.05
248,66222586,dicta,80116379501,203,109.57
249,78565780,voluptates,15284591614,442,95.92
250,78968205,occaecati,67332578331,387,11.56
251,11877651,delectus,24420391519,879,74.37
252,50285015,nostrum,95283262036,976,26.06
253,81320792,aliquam,72110821504,933,98.5
254,74362819,ipsam,57735811237,648,120.4
255,47937918,et,36873428939,70,91.24
256,91388042,reprehenderit,38599863388,918,5.29
257,54521429,sed,92967857391,940,190.47
258,74362819,hic,53715240922,558,131.91
259,60665701,minus,16874661417,77,40.85
260,77802205,dolores,78605317228,264,19.75
261,33343893,commodi,77750804715,508,189.23
262,71123269,quod,59432796762,743,104.24
263,49176296,aliquid,99284501429,866,63.75
264,18668907,quos,73162031731,44,26.66
265,18550714,ut,71823302949,830,93.17
266,86889255,voluptatem,11247441645,650,175.99
267,39817438,quasi,41728357795,239,41.15
268,66201399,placeat,33442234787,452,49.18
269,47937918,tenetur,77169838134,452,13.36
270,39819579,corrupti,68360690393,197,31.5
271,64400680,dicta,21842055090,963,27.44
272,18069277,natus,42335378922,758,126.93
273,20461327,quae,21824731620,141,190.25
274,10144423,reprehenderit,64241975850,73,81.17
275,53137270,ad,98770196990,852,7.8
276,13268124,tempora,97611451414,102,21.37
277,84994263,blanditiis,82281934874,903,28.86
278,46900946,consectetur,11998036667,803,39.23
279,24692099,voluptates,78592698405,871,38.71
280,61924108,autem,75279145063,770,148.88
281,18069277,non,24572424080,787,194.61
282,24126419,temporibus,78760438651,36,150.57
283,11052136,nesciunt,53029095195,278,16.35
284,86449753,rem,73284539301,517,136.99
285,55306862,exercitationem,54148501967,417,112.52
286,86028435,alias,94010358763,869,177.72
287,77682110,quas,67413057613,886,19.48
288,65005742,omnis,25050245240,901,72.19
289,58456885,nostrum,48866263534,171,121.23
290,17049041,incidunt,33078020144,698,101.79
291,13787771,nostrum,54180885072,327,47.97
292,92668668,excepturi,21812588325,300,23.52
293,51133228,dolorem,24202442285,822,69.19
294,68015159,nostrum,82281934874,840,80.39
295,76647064,corrupti,82296598313,415,89.9
296,48915444,magnam,57735811237,632,58.93
297,61252501,in,89125988281,160,26.73
298,68832950,autem,42936525313,346,142.88
299,68082747,sed,77057924529,609,20.01
300,30957501,voluptate,18394037927,954,48.72
301,85125592,accusantium,44606074128,520,123.97
302,95198633,commodi,25926317117,812,58.78
303,78047821,sit,33788864873,386,194.68
304,35125707,aliquam,37529941004,568,16.05
305,15779632,explicabo,68195297977,761,157.1
306,17438013,iure,14153019787,26,167.4
307,27865533,soluta,59630133184,880,162.32
308,68832950,molestias,37683129449,324,39.88
309,81320792,repudiandae,32700211988,883,144.93
310,88864603,illum,18601553575,367,84.79
311,88841532,eum,88654156152,159,91.13
312,91388042,non,87860475079,715,14.64
313,21065465,at,79703424030,915,26.98
314,75910008,dolorum,98964400514,442,92.1
315,11877651,eligendi,60560559980,476,74.05
316,81680931,debitis,69578827476,407,20.69
317,59056588,velit,37192002137,37,32.24
318,69629466,repellat,86779105847,139,162.76
319,26873343,sint,72659000831,306,136.83
320,46469482,porro,44761982751,473,175.92
321,61920395,quasi,60098755540,656,66.48
322,45016628,illo,39057048788,108,119.86
323,79874863,tempora,57066430201,68,31.24
324,38441981,assumenda,50518592948,805,48.46
325,94206925,totam,60486882935,770,49.72
326,27569874,expedita,15066840940,222,61.93
327,42929439,reiciendis,49516265396,98,178.78
328,54521429,vel,86308896948,542,178.05
329,75654794,totam,25777252985,948,104.17
330,64400680,ut,51693192094,690,8.44
331,72377122,eum,66198013740,494,22.72
332,95570216,libero,15353000799,384,113.92
333,46473375,pariatur,81552687188,775,28.12
334,27569874,quod,64932535649,444,126.14
335,82767639,quam,83684252293,270,38.34
336,28628750,id,92009418896,323,114.91
337,95198633,consectetur,94604568779,618,57.11
338,39978100,ducimus,10817942646,278,45.96
339,82767639,nobis,78620128151,435,55.8
340,36157342,reprehenderit,59189105355,533,22.94
341,95198633,aperiam,75244129200,967,133.14
342,95673160,ipsum,54148501967,102,107.1
343,49914674,repellat,95593672232,430,147.14
344,46405237,debitis,24988563065,262,132.6
345,21065465,quas,82281934874,666,68.08
346,54251131,sit,47290366697,773,40.37
347,84542709,molestiae,93714069534,992,135.57
348,44201757,minima,11868787604,246,137.58
349,86717653,excepturi,77993855846,152,126.99
350,12619368,quibusdam,12369937109,345,57.7
351,38043120,quaerat,17058297072,779,40.81
352,31254730,doloribus,99423081674,213,137.85
353,81680931,sunt,84845198387,705,114.69
354,19485489,quo,80165514749,628,180.51
355,61924108,facere,69831576294,314,186.75
356,55377346,quidem,32934013096,838,144.21
357,21701228,aperiam,81680696706,421,32.54
358,26331068,corrupti,63676925923,344,188.67
359,75335517,vel,21391862032,564,92.04
360,83415072,sit,33249251471,664,182.12
361,75113625,velit,29201185772,852,139.84
362,64480963,libero,51572366647,778,100.64
363,44218453,velit,10996411424,436,178.9
364,78347148,quo,10359995598,610,43.63
365,18550714,laudantium,49590339703,321,61.38
366,27162731,illo,25676921847,31,132.01
367,77802205,error,98525523705,738,38.43
368,74686216,minus,82250274017,967,34.14
369,36115287,iure,69831576294,822,33.21
370,55162231,deleniti,70535761761,437,26.91
371,60325101,nisi,71651156728,338,56.24
372,49162376,illo,86967472702,529,25.74
373,89915524,atque,58502433516,870,53.26
374,14720430,expedita,94263295358,528,74.0
375,68832950,adipisci,80165514749,260,154.67
376,18628662,quis,77996794430,172,195.43
377,96465781,ducimus,11877708489,589,23.25
378,37797393,eligendi,60486882935,296,102.24
379,41809818,necessitatibus,51693192094,236,158.34
380,32057414,ipsum,55311741932,374,134.16
381,13080157,saepe,81680696706,868,99.58
382,16314611,ducimus,54633491444,157,112.35
383,38117514,ad,59189105355,546,110.16
384,13080157,cupiditate,77305356168,628,39.27
385,33932545,officiis,67616066680,239,171.14
386,79411775,illum,27945628891,874,71.22
387,92925413,ducimus,41512347799,666,46.46
388,20039317,illum,83976216291,344,187.34
389,72179494,quo,72659000831,217,187.0
390,84808942,mollitia,83684252293,423,96.01
391,95570216,vel,72548413094,580,12.04
392,39345796,eius,96717929960,957,144.75
393,68832950,ipsam,83604787681,477,69.87
394,76250134,exercitationem,97485009534,954,168.09
395,81132028,harum,60486882935,843,42.45
396,11081850,ut,32934013096,810,127.73
397,85794274,nisi,17874323370,681,97.95
398,43677965,quisquam,29865740066,492,187.61
399,58353010,facere,15284591614,701,40.59
400,13804418,repudiandae,80922634902,700,151.57
401,15779632,maxime,99813271987,190,140.56
402,61218992,officiis,78605317228,887,26.79
403,19631711,molestiae,67846902700,848,56.43
404,39819579,veritatis,15508174560,684,21.06
405,42929439,alias,87365212199,865,11.14
406,51133228,aut,18806005742,194,96.01
407,42929439,rem,87026890414,212,179.88
408,47937918,soluta,16075214945,734,159.18
409,49520310,praesentium,98176367915,87,126.34
410,61252501,soluta,98366389264,555,111.52
411,26331786,fuga,58812734152,708,121.81
412,97927112,culpa,20693019110,230,185.08
413,36847487,debitis,86308896948,132,137.46
414,92004349,magnam,23262509963,88,35.47
415,33932545,in,55267576720,73,38.43
416,46405237,dolorum,54738715561,180,139.4
417,43618911,omnis,45780307420,677,95.49
418,59100349,eligendi,20675622664,746,69.82
419,45811480,eveniet,79765273814,331,121.51
420,44421220,eos,16238915087,962,30.76
421,63501688,vitae,16645871715,651,95.55
422,36654427,iusto,43833198432,172,39.67
423,41802112,consectetur,78672141332,478,155.05
424,28628750,itaque,71008146661,967,152.74
425,75666124,quos,79765273814,138,116.17
426,45811480,illo,52120384586,136,113.89
427,14792386,officia,37092469329,581,14.6
428,35124719,vel,93053738767,547,161.8
429,93520557,explicabo,49909324503,119,53.67
430,36847487,doloremque,54289982464,402,144.79
431,92112678,molestiae,90808973975,122,62.44
432,42908634,natus,66240626456,37,189.79
433,24692099,accusamus,11245992998,151,61.94
434,72025052,mollitia,26808762135,761,17.16
435,45001603,reiciendis,15785152844,893,29.67
436,14096073,eligendi,70490004669,196,148.05
437,10144423,doloremque,74548864286,563,25.69
438,48892092,ea,93201217990,665,166.16
439,96327996,non,19450659114,671,99.86
440,95061787,dolore,31948740509,187,175.8
441,44433867,adipisci,30248428197,812,55.57
442,75654794,voluptatem,49923991070,878,156.4
443,85125592,esse,48248190231,203,115.06
444,29286159,quod,77531765095,786,199.43
445,79977277,eos,93502953185,275,146.6
446,84864432,temporibus,69578827476,174,179.1
447,39817438,ipsam,47718292595,804,44.22
448,43125838,aliquam,36459125246,683,55.53
449,58041099,ducimus,15495274554,610,140.28
450,58041099,dolorem,73092736639,237,78.56
451,33568511,velit,84644014698,924,135.84
452,97995808,tenetur,44008295605,159,133.33
453,24692099,nam,99423081674,30,104.64
454,69714061,aut,19450659114,997,181.91
455,68082747,tempora,85479611998,269,190.92
456,26540634,mollitia,47752424365,988,192.98
457,96465781,delectus,10698746050,148,72.82
458,18523351,perferendis,13198480456,686,154.15
459,68416890,ea,11243706601,135,152.42
460,49914674,illum,71636461817,921,39.34
461,51133228,numquam,83826565005,132,135.54
462,81039607,expedita,99022971659,341,150.18
463,27569874,officiis,20904513559,835,109.38
464,59846997,ipsa,26613811240,748,123.11
465,98770259,nesciunt,74535260976,960,142.12
466,27162731,cupiditate,83434614871,79,131.15
467,40811584,soluta,83013744872,408,114.32
468,84340716,sapiente,56651255454,659,150.96
469,91434258,deserunt,74533106648,25,85.26
470,10206364,culpa,37997593883,170,100.24
471,29006522,nihil,83380489733,1000,125.41
472,92756491,totam,83826565005,260,165.17
473,39595641,repellat,39987133428,90,188.37
474,94206925,mollitia,96675864557,711,182.04
475,88652724,ullam,72110821504,189,73.29
476,16314611,animi,77993855846,23,105.12
477,65071130,tempore,96717929960,221,180.83
478,72728137,saepe,44844513545,233,11.91
479,77801631,architecto,76341144885,601,129.45
480,25309045,praesentium,19105807984,135,126.97
481,95137467,quibusdam,60333532998,911,194.61
482,45811480,voluptatem,49516265396,40,195.64
483,38003587,beatae,49923991070,890,171.6
484,21065465,ipsum,56853930026,941,199.26
485,78424929,distinctio,49747076852,23,182.64
486,40755075,accusamus,50220780074,384,141.32
487,66750958,pariatur,53214407698,635,178.89
488,47937918,quaerat,76341144885,998,148.17
489,26590341,beatae,78447280411,111,191.51
490,86145261,illo,25425560567,376,61.91
491,17049041,dolorum,23953392665,419,44.21
492,76627553,accusantium,47740893336,53,194.95
493,88841532,numquam,41937858567,20,58.51
494,73469543,omnis,18323174968,338,116.48
495,15779632,magnam,80853761587,189,154.31
496,18628662,quo,73717791422,311,29.13
497,59100349,tenetur,70649786254,489,78.91
498,43677965,repellat,92077402946,895,132.96
499,86145261,provident,21648967294,546,58.03
500,80740321,labore,48241924301,118,69.45
501,91347689,tenetur,98525523705,14,16.61
502,73586381,quae,38853527353,117,91.84
503,91973992,unde,90778789765,182,140.56
504,63665661,dolore,83604787681,218,23.44
505,19631711,assumenda,30061753989,678,96.75
506,42307584,quaerat,57608864345,157,6.5
507,35555980,itaque,37758510239,16,43.83
508,86819485,sunt,80753843543,131,82.44
509,14720681,facilis,20326741508,638,73.06
510,75150276,modi,58981941870,57,106.96
511,63621749,labore,11987230818,263,109.06
512,26331786,officia,41512347799,566,103.76
513,20039317,possimus,69831576294,430,121.49
514,45001603,vero,83484613118,812,39.84
515,48103276,expedita,33249251471,485,152.72
516,42908634,error,36050094258,469,14.49
517,77869659,quae,72506372940,243,177.75
518,21065465,nihil,62802540643,245,185.09
519,48915444,voluptatibus,36742434484,37,136.46
520,56332020,corrupti,51759153893,991,160.48
521,65005742,ex,90432326865,803,174.81
522,51833369,atque,37285277972,942,42.47
523,72728137,ipsum,54148501967,702,26.76
524,50285015,dolore,88954990317,586,198.98
525,39595641,aliquam,52120384586,896,159.96
526,62106457,ratione,26347048202,896,86.66
527,74616083,corporis,69831576294,513,57.94
528,40755075,blanditiis,20039220394,787,37.77
529,44012556,optio,33188825341,63,54.11
530,64480963,quod,64642327520,96,106.85
531,76627553,officia,71008146661,653,33.25
532,75654794,eum,99986618531,31,6.42
533,38963092,voluptatem,75127594146,744,61.37
534,42307584,vel,15980741846,740,189.84
535,88826946,esse,47168561187,13,74.86
536,31578948,hic,92346059729,823,134.83
537,43029803,asperiores,94718088152,659,185.28
538,13080157,ut,71622265728,374,187.78
539,71123269,saepe,17463324026,20,166.06
540,83766737,repudiandae,25738997122,952,188.95
541,67245116,natus,61082185249,48,90.12
542,58879690,magnam,67969742250,492,21.87
543,47061159,distinctio,80389778055,397,76.46
544,26590341,accusantium,29611556405,583,121.3
545,55346701,similique,13787943442,952,141.09
546,69028197,dolor,65077794749,844,119.99
547,70782999,qui,60098755540,686,156.95
548,78347148,ad,55844870689,843,150.2
549,72377122,dolores,42989698576,386,30.65
550,18567066,cum,38504349843,488,163.63
551,58596656,pariatur,60248807697,732,21.5
552,92112678,doloremque,88954990317,213,52.32
553,84201096,consequatur,72087552359,535,158.49
554,67919975,porro,93726951963,535,31.34
555,13178256,occaecati,83013744872,784,100.58
556,82317091,a,86131037049,458,39.47
557,93520557,ut,42958277100,945,101.05
558,82133136,eum,84729331584,807,150.7
559,15623356,quos,10701654592,385,176.04
560,44433867,dolorum,72140043849,843,165.01
561,78968205,eum,78672141332,509,120.48
562,55162231,dignissimos,39421799373,953,56.88
563,69969106,delectus,76579235740,10,53.74
564,86028435,debitis,66058783574,344,52.18
565,61252501,minima,95177422183,557,184.08
566,93589189,reprehenderit,55146242771,192,175.61
567,96691032,ipsum,50518592948,973,147.97
568,29286159,cumque,86033892645,779,183.76
569,24692099,iusto,75732543089,786,94.14
570,30769650,ad,55405875866,838,16.34
571,50494764,consequuntur,69965535185,645,114.26
572,20241337,minus,58627879086,494,9.57
573,17112754,laudantium,54621518986,462,187.92
574,59846997,architecto,11247441645,648,177.3
575,67245116,debitis,81285265828,864,70.68
576,61252501,ab,64940307900,10,21.77
577,72684533,iure,40697632295,549,145.59
578,19073877,perferendis,67225467448,779,163.47
579,17438013,totam,76423358561,423,71.79
580,92004349,ipsum,68271292903,727,185.0
581,53763372,consequatur,43944722358,711,117.73
582,26991361,ducimus,76247771535,761,132.38
583,42307584,ullam,21065554331,907,92.2
584,96374343,ducimus,21391862032,925,179.63
585,33343893,quis,66333596547,291,121.09
586,55306862,omnis,25738997122,290,74.18
587,85014462,neque,93812235102,437,54.08
588,13567939,eos,73092736639,455,81.65
589,30769650,eius,29232065380,79,117.13
590,26132627,perferendis,18382159201,142,195.94
591,76224474,ipsam,92940540775,941,10.95
592,68416890,corrupti,93796671861,286,95.69
593,90394186,incidunt,43986507089,362,184.89
594,71844391,aliquam,68388989007,982,20.91
595,24406419,aut,76264066215,416,144.9
596,60325101,fugit,83484613118,432,145.59
597,88760468,impedit,11245992998,743,13.46
598,69377584,asperiores,31879983707,299,180.94
599,94618224,maxime,21014571893,993,85.74
600,38117514,fuga,96278884405,33,119.16
601,27162731,quis,35193247920,68,194.45
602,63621749,necessitatibus,25136363367,492,183.83
603,70953217,laboriosam,25136363367,742,146.67
604,13268124,placeat,83013744872,934,66.27
605,84201096,dolores,77750804715,492,118.03
606,13268124,provident,96846569218,916,101.14
607,82619785,ipsum,37995412640,403,38.73
608,92923225,animi,80239559256,735,68.62
609,39524988,placeat,97301167376,423,189.2
610,56543942,voluptatum,17463324026,938,76.79
611,63619855,corrupti,65839883643,784,76.4
612,39025050,voluptas,33394262073,275,113.01
613,78153610,soluta,71242228671,360,29.9
614,80923417,molestias,80101644463,223,126.15
615,52498824,est,40939515190,273,154.3
616,45380057,repudiandae,36459125246,115,59.83
617,91434258,amet,17430825518,294,117.1
618,17354399,doloremque,43817214205,753,114.84
619,33932545,voluptates,18806005742,650,172.93
620,47123654,reiciendis,91311617574,765,149.23
621,20417325,corporis,66845020878,64,111.97
622,93541527,natus,84083163762,162,61.4
623,99262436,harum,20039220394,687,44.05
624,28284809,neque,92077402946,257,86.15
625,75113625,reprehenderit,47740893336,173,197.1
626,19073877,eaque,38698412075,955,98.23
627,94618224,vel,86392658741,956,86.76
628,81680931,autem,43817214205,293,98.58
629,62299144,et,79493249723,997,70.55
630,11877651,totam,72548413094,360,127.78
631,24126419,blanditiis,99946166282,335,24.34
632,48076124,quaerat,65081870895,928,173.17
633,29276139,aperiam,17414955919,497,18.49
634,17438013,soluta,83109040915,317,142.1
635,91478246,ad,81285265828,143,129.75
636,19073877,perferendis,39150131999,584,22.32
637,68132932,eum,52707641061,309,73.71
638,85014462,neque,38504349843,54,85.96
639,56543942,cumque,34695701656,304,163.01
640,43887256,perspiciatis,93027604996,720,68.19
641,92923225,beatae,78620128151,634,66.33
642,39978100,aperiam,87236558601,416,75.01
643,71844391,doloribus,16613815589,563,141.58
644,84201096,aliquam,41481267003,314,102.83
645,51252660,adipisci,25425560567,549,39.37
646,40811584,id,21370617176,346,62.62
647,18567066,totam,85557196586,558,199.56
648,28455708,laudantium,72087552359,445,37.17
649,82748200,animi,53659764469,191,95.22
650,92925413,aut,31879983707,230,20.21
651,13080157,sequi,73406618094,948,163.42
652,19400393,dolor,97301167376,595,27.32
653,74686216,modi,41728357795,861,24.57
654,11413976,blanditiis,41110268026,93,173.98
655,12538687,magni,59189105355,624,123.98
656,94429597,facilis,79628238865,782,7.31
657,75335517,accusamus,44855987918,853,34.15
658,66472979,ex,71490978191,706,122.57
659,39807404,dolor,56651255454,743,98.77
660,84340716,deleniti,54621518986,788,5.28
661,20114392,harum,38698412075,300,96.28
662,10206364,ratione,17874323370,596,191.91
663,79411775,dolorum,96305004899,746,139.07
664,52597734,numquam,81162523062,568,83.43
665,97995808,architecto,37285277972,162,50.36
666,66750958,alias,94841834466,189,115.99
667,59211387,at,36825531861,717,7.88
668,95198633,assumenda,95375269019,615,92.07
669,46405237,enim,21259270641,447,149.64
670,29276139,quisquam,69633715657,290,72.98
671,14720681,temporibus,17368963251,422,43.91
672,81039607,aspernatur,49516265396,360,117.38
673,96327996,nobis,20935696329,106,10.35
674,73586381,eveniet,99806849634,464,175.05
675,56266243,doloribus,92009418896,329,39.55
676,26590341,ipsa,99423081674,729,115.52
677,10144423,in,14161973764,459,98.5
678,72385199,eveniet,13969157165,734,146.1
679,92887994,saepe,47120973233,50,164.82
680,42186939,dignissimos,89131224431,474,160.94
681,91347689,in,19586415634,712,171.94
682,85125592,unde,83684252293,671,72.91
683,38003587,iste,74137474983,642,172.53
684,95507450,doloribus,99022971659,944,18.27
685,60510861,fuga,35193247920,377,189.38
686,81388848,provident,83228671362,663,114.89
687,55306862,fugiat,89125988281,95,95.82
688,11052136,quod,45639427180,988,64.23
689,18668907,quae,94841834466,96,178.33
690,74531058,ipsam,39987133428,261,182.88
691,29286159,laudantium,19249811099,980,29.24
692,88885406,sit,64932535649,945,57.09
693,19400393,maiores,31879983707,99,177.59
694,74616083,repellendus,53780934270,952,11.01
695,18550714,eveniet,76104227992,499,70.96
696,30702438,quis,79240471942,152,194.19
697,53763372,quis,98776672783,178,177.85
698,15076076,iure,82296598313,315,123.16
699,85536234,mollitia,11254715575,317,166.57
700,68015159,voluptatem,69234226001,668,42.48
701,88826946,quaerat,69120527432,584,56.37
702,79278860,voluptates,67413057613,713,59.8
703,63958509,incidunt,29865740066,94,86.85
704,33568511,saepe,41371758212,709,161.44
705,65005742,distinctio,92369666557,163,35.76
706,71123269,consectetur,60248807697,255,133.25
707,95507450,deserunt,71523606803,92,94.08
708,82944488,quod,65528180298,929,16.33
709,45622200,eaque,87257009963,428,22.48
710,41110193,placeat,50868681077,17,89.33
711,13178256,quia,17447637584,952,196.11
712,26331068,maiores,33442234787,601,87.95
713,14833808,doloremque,15066840940,408,170.93
714,83415072,perferendis,59170204320,821,116.89
715,24692099,minus,83228671362,485,18.48
716,44201757,distinctio,15980741846,891,142.33
717,88841532,recusandae,90188871532,181,183.76
718,47147876,nesciunt,61082185249,35,79.58
719,92887994,maiores,54720866738,368,15.29
720,93520557,praesentium,38129397629,338,69.29
721,73647309,illum,69633715657,123,93.83
722,27865533,occaecati,99827203705,638,73.68
723,19400393,minima,99864154227,453,164.12
724,70034068,vel,96305004899,397,50.59
725,19485489,eos,49211418165,859,56.09
726,91973992,laborum,80922634902,792,124.62
727,96691032,voluptatem,96305004899,697,75.33
728,68483088,pariatur,76341144885,813,184.09
729,64480963,autem,87365212199,116,117.47
730,84864432,fugiat,38698412075,763,111.01
731,93105250,corporis,32258653903,327,170.92
732,92756491,consequatur,89942374501,794,61.37
733,90021285,sint,19439121907,128,125.24
734,50494764,sed,96675864557,41,62.59
735,81773592,dignissimos,59817600885,752,53.53
736,95198633,quos,97369756123,239,180.21
737,65409503,blanditiis,76247771535,545,155.44
738,60665701,dolorem,92505332578,502,33.85
739,31751930,quo,55844870689,128,182.3
740,95137467,odio,26613811240,983,59.97
741,41809818,et,87738278369,293,8.3
742,82317091,odio,49590339703,906,24.64
743,48076124,incidunt,50518592948,352,29.3
744,45622200,laudantium,38131449772,513,155.04
745,56266243,culpa,18382159201,381,95.46
746,83766737,illum,93812235102,917,45.42
747,70953217,culpa,69120527432,596,175.72
748,99262436,placeat,29338731472,778,136.84
749,94578681,doloribus,77499066884,786,191.93
750,31473392,laborum,84408662209,510,136.8
751,28628750,sapiente,16238915087,184,199.26
752,90394186,rerum,80101644463,964,54.43
753,65735412,optio,26853761276,38,165.79
754,91599938,dolore,21982950012,322,99.2
755,40732338,corrupti,87589365194,284,94.27
756,61402759,architecto,91516070043,158,16.14
757,91149406,est,19450659114,954,70.33
758,13111809,rem,85999989186,647,114.0
759,55306862,saepe,53214407698,556,23.17
760,88826946,harum,76549329963,157,163.6
761,63619119,vero,59840604526,554,134.93
762,17614894,recusandae,36050094258,426,155.1
763,44201757,non,67225467448,783,122.11
764,18523351,sunt,44834968752,323,80.04
765,66750958,harum,38459187548,886,76.59
766,66113855,sed,68360690393,885,143.01
767,88209127,minima,58812734152,155,125.17
768,77801631,sunt,89959487479,92,72.86
769,11466749,reiciendis,12065976974,942,178.67
770,94618224,atque,15284591614,534,87.07
771,19073877,quas,95650228614,49,73.08
772,66113855,maxime,87236558601,842,150.17
773,74616083,impedit,60755014273,250,70.55
774,70153687,sint,79914658122,141,27.87
775,51252660,culpa,16684338344,327,104.76
776,64480963,aperiam,13787943442,407,106.36
777,15779632,omnis,83109040915,740,138.02
778,95170508,voluptates,38129397629,242,91.0
779,36115287,accusantium,31194842464,635,131.06
780,14483616,veritatis,81253666782,905,89.49
781,39025050,quibusdam,64280103985,261,100.94
782,45622200,dolor,93053738767,802,182.09
783,37799357,vero,41110268026,921,35.8
784,45811201,debitis,87322696740,297,155.08
785,48892092,culpa,56007999693,208,154.91
786,96374343,delectus,37297553607,729,184.06
787,19485489,dicta,94604568779,610,41.56
788,32052428,minima,81285265828,823,135.88
789,81879376,molestias,73329719848,429,47.76
790,78347148,tenetur,35546407573,829,100.68
791,37361244,debitis,74535260976,604,16.67
792,19485489,consequuntur,37239909423,719,9.48
793,56685939,expedita,74137474983,561,59.32
794,92963416,veritatis,22587944954,723,132.36
795,48076124,at,47290366697,637,169.62
796,43887256,maiores,30248428197,966,67.81
797,77636464,ducimus,96846569218,32,19.71
798,30703438,quia,45169217272,457,73.81
799,77802205,perspiciatis,82296598313,58,191.91
800,12538687,veritatis,81285265828,993,189.56
801,10144423,ratione,75932134403,971,195.62
802,21894049,placeat,54180885072,530,134.08
803,84808942,reiciendis,56428596814,963,157.05
804,37792750,maxime,67372168815,515,8.84
805,24309235,quidem,17236806773,580,188.56
806,46473375,nam,46136642502,617,84.31
807,99262436,suscipit,54180885072,195,38.51
808,21546013,voluptatibus,73284539301,570,101.46
809,31244148,dolore,10810995716,726,195.71
810,24309235,repellendus,53659764469,853,37.69
811,28006026,ex,51297013481,484,65.2
812,11052136,ipsum,55146242771,143,60.61
813,24692099,consequuntur,14123809443,778,153.59
814,42908634,vero,57953104555,384,113.23
815,50494764,eveniet,73092736639,890,182.87
816,96691032,et,25080295670,659,111.99
817,14792386,totam,47612025641,282,17.79
818,79874863,modi,38814152957,249,22.44
819,30959549,incidunt,70490004669,612,128.45
820,43618911,doloremque,50095014712,639,70.75
821,78968205,eos,98540671437,889,47.9
822,15583022,at,81162523062,60,10.09
823,63621749,et,70649786254,690,25.49
824,70782999,suscipit,92967857391,911,21.23
825,74211642,perspiciatis,83484613118,594,64.59
826,77636464,nostrum,89942374501,671,66.64
827,36157342,magnam,31227492933,107,63.12
828,88885406,labore,35546407573,258,159.27
829,39025050,et,54297374231,743,198.85
830,30301805,impedit,76948108968,604,196.03
831,28331671,illum,32582579028,571,125.57
832,31244148,ratione,41371758212,441,198.42
833,54543441,dolorum,82250274017,803,63.27
834,46624435,at,48866263534,655,167.9
835,17354399,officiis,61914704497,857,41.0
836,43677965,placeat,47120973233,672,23.71
837,65735412,laudantium,47503732957,365,121.28
838,56332020,deleniti,56007999693,943,129.19
839,84001667,delectus,14123809443,172,158.37
840,27569874,autem,82696526695,943,36.48
841,86717653,atque,33078020144,596,45.26
842,30328939,esse,16307498610,620,100.14
843,69028197,quod,84729331584,434,177.89
844,92923225,ut,20693019110,305,139.59
845,84808942,repellat,47290366697,507,48.72
846,75666124,neque,22129033616,375,183.92
847,74211642,ut,21476873916,29,69.47
848,63619855,unde,93651269942,239,92.78
849,37799357,dolor,89041440686,713,78.69
850,46405237,labore,19940942063,814,69.04
851,74362819,nisi,19164364508,687,155.56
852,26873343,odio,10996411424,370,100.04
853,78968205,veritatis,84083163762,115,77.94
854,85434885,repellat,48780013818,965,122.54
855,57152331,sequi,33758531572,644,15.98
856,11052136,inventore,91633339673,903,184.39
857,49162376,impedit,32111150816,589,25.29
858,17049041,at,29201185772,794,13.1
859,79411775,recusandae,73092736639,183,138.64
860,71123269,nam,87026890414,623,90.88
861,69714061,impedit,33788864873,79,199.93
862,90394186,iure,29120505348,565,36.29
863,83766737,est,24883686728,189,187.09
864,92796381,ullam,76423358561,540,29.23
865,91347689,doloribus,86492948819,414,53.99
866,24406419,explicabo,11998036667,737,99.11
867,54543441,nesciunt,62842947941,918,172.44
868,35124719,maxime,86392658741,874,94.97
869,82317091,nemo,40939515190,512,130.65
870,32070103,atque,29671110986,888,128.86
871,79874863,officiis,11247441645,306,116.27
872,49887786,iure,61707485826,458,180.72
873,80740321,accusamus,62842947941,24,21.95
874,71215010,a,40744034667,522,188.84
875,44761709,at,33188825341,229,195.69
876,45811480,necessitatibus,91311617574,846,82.96
877,17198469,cumque,15785152844,869,168.98
878,16314611,temporibus,39852883759,92,79.35
879,91149406,voluptate,21842055090,524,71.25
880,94578681,eos,67017531601,255,132.44
881,36039097,ea,17583314214,736,157.57
882,81680931,odit,64665409207,592,161.59
883,20114392,occaecati,98964400514,529,25.1
884,51091899,eos,94263295358,867,129.16
885,91149406,sed,21370617176,703,107.4
886,90394186,soluta,44896452298,710,189.87
887,29006522,esse,79765273814,976,57.59
888,46711608,quae,84408662209,968,50.48
889,39819579,delectus,92910636548,88,170.33
890,66472979,aspernatur,38520887992,505,89.07
891,61252501,nemo,94039171494,535,146.58
892,36846821,nesciunt,83826565005,804,21.74
893,42908634,deleniti,85557196586,596,92.26
894,39345796,dolorem,66845020878,532,72.91
895,86210765,unde,65764946708,452,179.29
896,55377346,enim,75102135025,227,13.39
897,76428777,vel,21982950012,869,25.85
898,78565780,fugit,83434614871,451,77.66
899,17049041,laborum,31948740509,809,47.68
900,56744379,doloremque,91355957004,938,98.94
901,46089314,sed,53272701332,304,98.52
902,15076076,placeat,58959604649,488,30.3
903,61252501,dolores,67413057613,882,174.55
904,29286159,dicta,91131529091,54,193.09
905,53137270,natus,23608198533,261,82.0
906,58596656,repellendus,37529941004,539,96.29
907,62106457,accusamus,33189589752,219,154.12
908,20417325,nesciunt,88930849500,310,115.28
909,27171104,incidunt,59212285351,744,186.47
910,21065465,quisquam,76764976342,398,85.36
911,32961636,fugit,88948592521,638,190.26
912,55377346,explicabo,75140374476,379,145.56
913,74842791,officiis,47928162056,483,155.07
914,43125838,iusto,50095014712,698,166.79
915,18550714,illum,36873428939,13,197.15
916,88209127,perspiciatis,19273746753,91,52.98
917,75335517,cum,69076868450,814,100.78
918,44761709,consequuntur,66308621794,690,148.98
919,39587354,laboriosam,65741951095,675,129.97
920,87113335,quasi,83288421779,567,152.08
921,17438013,corporis,81285265828,613,18.7
922,12538687,qui,31879983707,633,122.74
923,88760468,iste,88654156152,610,50.64
924,78565780,assumenda,87531590031,937,144.84
925,52498824,numquam,49747076852,698,56.52
926,32057414,consequuntur,87236558601,605,9.36
927,53756949,facilis,88150358453,936,136.9
928,98770259,ea,96305004899,195,169.09
929,39025050,itaque,62428459800,684,197.03
930,39595641,accusantium,37683129449,740,82.33
931,76250134,nam,92887270854,400,160.23
932,81893477,in,19586415634,497,107.54
933,32070103,rerum,73106214590,776,144.5
934,66113855,eaque,37505639681,848,119.63
935,56543942,aut,65551286559,216,193.45
936,11877651,deserunt,96315572887,206,43.12
937,51252660,asperiores,49788316482,262,46.28
938,74686216,in,88178916925,95,73.78
939,80622929,quisquam,80239559256,408,151.56
940,14339426,aliquid,21874333343,729,108.95
941,38043120,odio,32376183154,550,91.42
942,41809818,odio,99423081674,703,150.84
943,41802112,adipisci,37683129449,633,83.64
944,44433867,ipsam,32934013096,547,121.37
945,81320792,similique,86649011332,337,43.82
946,42473362,perspiciatis,93683535856,641,131.84
947,82317091,non,48789890750,953,58.94
948,13178256,a,31227492933,132,91.4
949,84340716,eaque,92009418896,345,115.5
950,87075779,nemo,33249251471,672,186.04
951,20114392,ad,90808973975,658,143.86
952,79411775,suscipit,53659764469,255,58.82
953,57152331,aperiam,56007999693,16,124.74
954,62158303,inventore,38938061337,719,56.11
955,70005791,tenetur,86649011332,791,20.69
956,39807404,dolorum,88954990317,72,109.1
957,91478246,quae,74207525208,326,6.15
958,86322048,a,67616066680,731,87.48
959,42307584,sapiente,20821200466,182,115.82
960,46089314,earum,74137474983,411,197.5
961,10627784,dolores,83013744872,147,152.94
962,18191984,facere,17471370006,931,190.91
963,60325101,consequuntur,87058789577,178,19.95
964,84864432,quo,24202442285,497,103.97
965,92963416,tenetur,45530622509,369,146.07
966,54709543,autem,30386186663,642,146.18
967,79355905,velit,81680696706,296,45.42
968,86449753,dolore,17059362412,436,127.46
969,30703438,consectetur,19273746753,224,120.94
970,75150276,velit,69965535185,612,124.77
971,70034068,odio,81552687188,786,104.66
972,75654794,excepturi,66333596547,412,122.06
973,54709543,accusamus,11998036667,572,9.63
974,92963416,voluptatibus,64642327520,325,95.84
975,94583813,occaecati,72548413094,678,80.4
976,49100956,explicabo,68271292903,185,90.54
977,36847487,delectus,99597223180,649,24.39
978,37792750,illo,44008295605,995,120.92
979,80946472,nulla,14145747358,189,59.12
980,10144423,eligendi,62802540643,70,125.73
981,25309045,aspernatur,25447156505,921,55.62
982,11466749,a,78964103379,671,99.28
983,25468316,corrupti,73717791422,12,8.13
984,69855034,eum,42534256980,213,94.75
985,84994263,tenetur,13198480456,940,10.47
986,15623356,vel,25777252985,47,127.74
987,13787771,officiis,99680184191,405,44.53
988,29354729,facilis,18382159201,430,85.97
989,74686216,ipsa,92077402946,208,45.62
990,79411775,assumenda,32376183154,544,39.02
991,76366875,asperiores,54648605058,714,147.88
992,93105250,quis,32258653903,287,61.68
993,81869998,libero,29120505348,689,63.35
994,15076076,ratione,80101644463,830,147.11
995,92925413,pariatur,49677542700,730,106.53
996,40755075,ad,93812235102,388,190.02
997,11877651,exercitationem,11235342712,212,42.82
998,77869659,qui,20693019110,856,128.13
999,14433390,laboriosam,31718928608,742,68.94
1000,56543942,ducimus,85173834974,915,166.55
1001,44761709,facere,32582579028,979,30.99
1002,38963092,quasi,60098755540,537,8.46
1003,59100349,molestiae,36742434484,298,82.7
1004,51133228,distinctio,42654502748,812,127.21
1005,19485489,cum,42561272763,109,49.19
1006,41101468,perferendis,81285265828,550,23.21
1007,32797562,eveniet,93201217990,549,123.51
1008,48892092,odit,12968829819,21,104.03
1009,56685939,impedit,38459187548,769,142.71
1010,14096073,nihil,38938061337,665,30.13
1011,42473362,dolore,61914704497,921,7.37
1012,95673160,consequuntur,24572424080,563,111.75
1013,76221312,nobis,24572424080,528,77.8
1014,91478246,suscipit,28306663760,662,6.43
1015,63958509,eius,64726443503,87,162.31
1016,20666136,culpa,48248190231,473,77.86
1017,93105250,tempore,57967190440,966,75.72
1018,84201096,magnam,46569433808,828,180.03
1019,54709543,ducimus,40395582618,262,133.63
1020,79411775,fuga,74207525208,59,118.09
1021,74362819,eum,78333032519,85,20.37
1022,81773592,magni,77866748485,318,91.7
1023,86322048,hic,97513353616,860,148.31
1024,65441288,hic,83013744872,277,39.57
1025,64480963,sequi,48499463776,614,146.65
1026,48103276,molestias,20675622664,871,167.9
1027,63665661,eaque,75788805500,608,95.97
1028,59846997,ratione,60584671588,534,176.24
1029,19400393,laudantium,41512347799,550,161.61
1030,48892092,in,99022971659,275,87.65
1031,55162231,nulla,10701654592,419,57.52
1032,78968205,temporibus,99597223180,487,61.02
1033,37797393,distinctio,16307498610,598,56.15
1034,39105153,aut,19433952857,518,12.57
1035,76366875,et,21065554331,807,101.28
1036,65735412,doloremque,37794169075,965,35.26
1037,92963416,eum,60005188715,745,19.22
1038,94867489,velit,77821091577,101,131.97
1039,18668907,officia,99979316856,382,35.9
1040,18628662,nihil,31948740509,99,165.8
1041,89535902,laborum,29048630436,549,49.43
1042,41802112,vero,64726443503,924,99.34
1043,81893477,illum,89094797116,328,85.84
1044,65735412,reiciendis,67332578331,693,78.55
1045,56543942,quaerat,88930849500,113,83.55
1046,69395893,eius,41512347799,452,192.45
1047,41809818,consectetur,67261121044,947,187.78
1048,84001667,vel,48866263534,742,197.16
1049,86877741,eligendi,21960287069,347,198.61
1050,46725813,officia,60105275107,80,196.07
1051,51212744,aliquam,41937858567,170,76.02
1052,25309045,ex,90747066006,806,44.99
1053,84994263,corrupti,83380489733,112,182.92
1054,73909515,impedit,60946235056,842,198.0
1055,18191984,officiis,62428459800,928,159.97
1056,30301805,est,96315572887,82,164.4
1057,79411775,non,16238915087,580,183.48
1058,33410115,minus,42654502748,499,36.28
1059,15623356,sint,73656482622,343,27.55
1060,41110193,reiciendis,11254536728,548,7.67
1061,78424929,officiis,13969157165,676,175.44
1062,25468316,dicta,87058789577,695,163.68
1063,97927112,dignissimos,10247654764,895,127.45
1064,10206364,nobis,78760438651,436,106.62
1065,62923138,iure,21418463233,585,119.65
1066,52275693,corporis,89041440686,504,99.06
1067,29006522,a,88813914649,964,42.32
1068,47123654,sit,21514645905,207,85.84
1069,93520557,assumenda,89498702373,892,49.69
1070,76224474,exercitationem,12763507608,963,74.22
1071,45622200,voluptates,55311258475,651,10.83
1072,11778621,quaerat,87322696740,436,109.53
1073,23959135,veritatis,59156847579,314,141.52
1074,21695089,dolor,37529941004,613,97.43
1075,55306862,dolor,38131449772,603,13.12
1076,67547523,minus,32657009807,101,61.27
1077,93105250,rem,30558823725,868,102.17
1078,96465781,et,32175388673,844,134.8
1079,69969106,modi,97461934627,230,190.62
1080,79874863,fugiat,50220780074,66,103.94
1081,56772880,eaque,16680634782,556,83.37
1082,49162376,hic,57608864345,89,190.28
1083,82133136,blanditiis,75200229945,454,176.8
1084,41802112,ut,72216980022,409,187.27
1085,27569874,voluptate,51800506112,268,112.92
1086,45811480,dignissimos,58812734152,86,70.79
1087,80622929,cupiditate,65077794749,972,187.66
1088,75910008,exercitationem,40739130987,815,29.76
1089,11081850,molestiae,37995412640,241,41.19
1090,65000535,odit,84408662209,812,41.41
1091,45811201,dolorem,29788860410,979,195.43
1092,57152331,ipsa,97485009534,343,56.32
1093,30328939,adipisci,82281934874,938,7.78
1094,11877651,incidunt,75279145063,37,111.69
1095,46469482,aliquam,33249251471,913,122.87
1096,96327996,cum,15711951811,131,94.8
1097,94867489,ipsa,81253666782,34,145.58
1098,60665701,nisi,93796671861,728,12.26
1099,52275693,qui,44358331110,784,108.26
1100,72377122,dolorum,62842947941,533,35.8
1101,59909328,voluptatibus,60105275107,249,153.14
1102,92923225,corporis,43986507089,396,101.57
1103,38003587,ullam,25007416985,536,5.5
1104,35073478,nemo,69965535185,730,184.6
1105,34936324,odit,83380489733,788,42.53
1106,75150276,iusto,41728357795,189,106.37
1107,12538687,velit,80271309086,791,81.13
1108,93541527,repudiandae,43443858678,206,98.22
1109,91973992,maiores,87539910181,515,50.83
1110,81730307,harum,65839883643,953,128.5
1111,46405237,facilis,14737701704,889,136.48
1112,49520310,voluptates,33312438049,936,177.17
1113,70953217,beatae,41036587743,526,194.58
1114,68832950,excepturi,60560559980,786,199.22
1115,61924108,repudiandae,81008717260,926,139.18
1116,32416255,dolores,75475739543,572,110.39
1117,85536234,quisquam,38520887992,751,99.51
1118,66113855,praesentium,59630133184,954,18.4
1119,70298286,vitae,29788860410,190,102.93
1120,95061787,molestias,82895800919,611,22.89
1121,81869998,recusandae,35193247920,723,57.19
1122,88209127,nobis,25694952213,737,148.07
1123,96327996,a,55881915691,148,15.47
1124,73469543,aperiam,85479611998,954,45.46
1125,73469543,animi,25425560567,386,93.03
1126,39817438,vero,94285972737,537,31.61
1127,41809818,sit,90020554121,187,181.82
1128,26069821,voluptas,21960287069,142,39.17
1129,32070103,deserunt,44855987918,280,122.81
1130,83766737,quas,40697632295,97,92.99
1131,55306862,perferendis,58981941870,226,136.23
1132,38117514,libero,67264389710,40,117.68
1133,43125838,enim,16494324191,90,12.39
1134,90021285,amet,75330642011,898,171.72
1135,48103276,temporibus,38853527353,140,33.76
1136,81893477,sed,86492948819,828,50.35
1137,35073478,deserunt,80271309086,366,123.37
1138,17438013,quas,55532379549,634,6.0
1139,80946472,maiores,52763113641,569,7.64
1140,96691032,dicta,33418239552,86,43.47
1141,55306862,earum,68757306508,485,8.82
1142,11464239,nostrum,40395582618,849,173.24
1143,94583813,ducimus,12625250570,525,23.37
1144,99725236,dolorum,80165514749,931,34.86
1145,39567474,soluta,33312438049,115,173.61
1146,38441981,ex,43986507089,878,189.71
1147,75113625,excepturi,67846902700,395,143.63
1148,72377122,deserunt,71622265728,26,182.33
1149,55377346,blanditiis,21514645905,401,169.89
1150,17198469,quam,41481267003,932,33.65
1151,92796381,recusandae,71242228671,584,156.52
1152,43125838,quam,21987284552,929,199.38
1153,51252660,debitis,29330601817,234,12.4
1154,83415072,beatae,73717791422,451,45.11
1155,66339748,corrupti,65801523336,442,69.91
1156,44761709,ducimus,53098147490,394,164.51
1157,91149406,voluptatem,86583507019,198,177.56
1158,65707817,reiciendis,47752424365,441,94.01
1159,46624435,aperiam,21982950012,774,5.83
1160,11052136,facilis,38129397629,748,8.66
1161,78565780,iusto,12876523185,118,59.22
1162,10627784,ab,26928501843,757,29.59
1163,66927641,voluptatibus,14705315412,206,54.63
1164,38777326,harum,16680634782,821,20.63
1165,16169873,inventore,88813914649,974,87.88
1166,66877533,earum,45169217272,43,158.57
1167,19400393,enim,67616066680,373,116.0
1168,20039317,iusto,96717929960,925,95.82
1169,86819485,earum,19384232486,826,125.68
1170,73469543,excepturi,97901601983,111,16.95
1171,84542709,laudantium,19875180430,429,111.53
1172,79166488,asperiores,55525660729,750,180.79
1173,32052428,optio,36656088724,262,17.74
1174,31244148,id,16645871715,718,62.54
1175,15623356,nostrum,75732543089,769,60.68
1176,72728137,voluptatibus,33596406583,898,46.16
1177,33932545,odit,30772828087,554,43.6
1178,33568511,eos,55881915691,416,120.79
1179,13111809,quae,33188825341,209,40.46
1180,49887786,quasi,70271057822,969,118.19
1181,15853964,illo,37814457490,131,102.41
1182,66278042,commodi,61134206195,325,7.94
1183,95673160,cupiditate,47168561187,356,40.76
1184,69377584,quibusdam,54666027678,693,99.65
1185,92112678,at,92910636548,100,118.83
1186,94429597,esse,67332578331,64,59.63
1187,61920395,nostrum,76341144885,365,104.84
1188,30703438,fuga,20904513559,107,160.81
1189,28006026,nesciunt,37192002137,786,125.96
1190,15583022,possimus,91355957004,578,160.4
1191,95507450,suscipit,16494324191,699,132.84
1192,33410115,sequi,15529619219,950,62.77
1193,81388848,error,73162031731,656,47.94
1194,39524988,nam,68388989007,544,164.44
1195,21012358,culpa,32376183154,952,93.45
1196,71844391,quasi,52363120882,387,86.86
1197,81869998,voluptatum,51271365755,696,159.51
1198,26331068,repellat,66045401174,858,139.58
1199,47937918,repellat,63174848889,76,85.32
1200,95198633,illum,99680184191,836,44.12
1201,68832950,cupiditate,75765356962,509,23.16
1202,42908634,ducimus,96675864557,202,93.48
1203,34936324,recusandae,83301882080,634,74.99
1204,85794274,assumenda,86551679574,408,111.2
1205,92925413,ea,31718928608,119,91.19
1206,52597734,numquam,15711951811,34,198.14
1207,88760468,sapiente,50683824193,220,170.22
1208,71215010,animi,99986618531,987,28.63
1209,37361244,reprehenderit,50007844334,66,19.49
1210,82133136,praesentium,64932535649,396,145.89
1211,45016628,odio,87257009963,897,43.01
1212,80740321,esse,93651269942,943,64.64
1213,57152331,quidem,28306663760,305,107.55
1214,65071130,nisi,81253666782,422,73.61
1215,17159771,natus,12108029096,12,59.3
1216,49520310,inventore,89094797116,518,113.17
1217,43887256,doloremque,66058783574,627,153.06
1218,91620927,voluptatum,21418463233,268,42.65
1219,66201399,enim,45169217272,65,149.1
1220,60325101,aut,34246933336,837,78.0
1221,95061787,minima,54660346519,85,152.97
1222,70782999,culpa,65528180298,930,72.34
1223,55667168,mollitia,57716614056,194,168.23
1224,27162731,veritatis,11247441645,489,123.05
1225,58041099,illum,28504983279,722,92.27
1226,77965649,iure,21370617176,204,68.28
1227,43125838,sint,67709151852,381,137.42
1228,73756614,a,73039994538,844,123.27
1229,37799357,numquam,53272701332,327,104.58
1230,36039097,dolorem,98776672783,683,189.65
1231,67245116,libero,73679905789,311,67.58
1232,79977277,odit,73803357451,167,91.59
1233,80484003,sequi,46196600979,852,143.46
1234,77636464,blanditiis,24808850475,950,154.26
1235,59211387,repellat,64280103985,667,92.35
1236,63621749,odit,75330642011,350,12.23
1237,44433867,quaerat,25352478009,203,190.91
1238,69028197,voluptatem,44834968752,79,173.05
1239,61252501,dicta,66045401174,306,39.19
1240,39915025,aspernatur,75132467340,890,131.52
1241,14720430,quidem,38520887992,788,156.39
1242,95198633,aliquid,16680634782,192,96.78
1243,49914674,eos,85999989186,822,57.64
1244,36157342,perferendis,19273746753,54,15.35
1245,82619785,voluptatibus,67332578331,346,71.83
1246,70005791,adipisci,99864154227,474,157.76
1247,10448619,debitis,64702916767,784,197.12
1248,68015159,repellat,42989698576,675,171.3
1249,18523351,corrupti,27907597767,876,109.06
1250,41809818,incidunt,19824303437,372,24.25
1251,26132627,numquam,74548864286,438,16.48
1252,65441288,natus,88150358453,566,102.5
1253,77636464,dicta,54633491444,776,133.72
1254,33410115,suscipit,96677856044,760,116.46
1255,69377584,voluptatum,41173319500,231,99.61
1256,92004349,dignissimos,63676925923,303,78.84
1257,39025050,itaque,72506372940,783,8.12
1258,83766737,fuga,21065554331,906,173.5
1259,79166488,cupiditate,15353000799,886,164.73
1260,84808942,quasi,19450659114,732,20.1
1261,46469482,delectus,44008295605,584,116.51
1262,12538687,veritatis,29338731472,805,140.49
1263,75062416,omnis,79914658122,821,18.24
1264,96374343,at,26808762135,903,172.73
1265,64400680,iusto,11243706601,411,28.72
1266,79278860,recusandae,54720866738,53,70.13
1267,41110193,nobis,76264066215,564,42.39
1268,63619855,inventore,71622265728,925,126.99
1269,74291880,dolorem,51297013481,883,70.02
1270,25309045,praesentium,41512347799,677,88.65
1271,10144423,perferendis,92369666557,249,15.94
1272,32052428,delectus,30558823725,581,80.63
1273,59909328,repellendus,99284501429,319,150.76
1274,36039097,incidunt,77051824341,986,74.95
1275,11466749,laudantium,73679905789,561,69.74
1276,86877741,doloribus,93096208704,828,56.22
1277,14720681,eius,47120973233,283,190.17
1278,25468316,porro,23150020087,630,8.21
1279,39595641,dicta,19824303437,543,193.24
1280,45622200,nisi,74447374999,235,55.24
1281,26590341,optio,19273746753,831,42.73
1282,47147876,dolore,54806339625,686,149.74
1283,88878566,eligendi,24202442285,721,164.67
1284,46473375,natus,68757306508,68,57.58
1285,47147876,atque,80271309086,102,113.75
1286,92112678,maxime,18382159201,375,71.85
1287,74616083,commodi,74533106648,465,113.92
1288,93589189,perferendis,44815198164,554,134.79
1289,86145261,consequatur,93201023020,668,139.85
1290,64480963,sit,98964400514,463,62.55
1291,59056588,libero,93972973037,881,184.57
1292,56543942,cum,40739130987,313,105.41
1293,23229736,pariatur,60105275107,159,33.42
1294,63619855,ratione,27056257635,986,182.09
1295,56772880,consequuntur,17236806773,687,85.76
1296,30769650,soluta,36742434484,910,109.27
1297,10206364,quos,52763113641,924,6.63
1298,44421220,nulla,76948108968,917,138.11
1299,36115287,maxime,36848586051,270,20.94
1300,65441288,suscipit,92940540775,362,54.26
1301,79355905,nobis,21824731620,659,8.46
1302,67245116,rem,73366009071,660,106.1
1303,94429597,fuga,50868681077,678,22.84
1304,82317091,vitae,38681796277,434,186.12
1305,84001667,dolorum,34200844414,359,39.47
1306,71844391,non,18806005742,902,119.56
1307,64400680,saepe,99806849634,242,13.94
1308,66472979,nesciunt,88948592521,69,94.04
1309,86145261,explicabo,76750615834,742,151.13
1310,15076076,odit,18730407975,987,87.38
1311,74291880,assumenda,63676925923,195,115.8
1312,54251131,aperiam,54621518986,71,108.35
1313,93520557,nisi,88298954358,859,102.93
1314,80622929,placeat,36050094258,802,150.2
1315,92668668,aliquam,96846569218,323,190.78
1316,31254730,consequuntur,46600449110,340,195.96
1317,89915524,dolorum,24883686728,13,26.12
1318,61924108,mollitia,26853761276,677,132.33
1319,49835823,animi,82296598313,58,115.51
1320,91347689,reiciendis,43730315942,413,21.55
1321,12538687,unde,63061513568,297,77.1
1322,73647309,iure,37475938422,944,94.7
1323,78968205,alias,37239909423,487,80.58
1324,62709676,quam,14255177824,11,120.25
1325,99725236,nisi,87738278369,109,138.61
1326,84340716,nesciunt,37192002137,980,146.95
1327,53756949,totam,35087349177,604,29.77
1328,70622379,pariatur,71242228671,358,34.9
1329,39587354,beatae,81464493513,30,149.94
1330,85536234,aperiam,56428596814,271,73.03
1331,15853964,laboriosam,62531800230,542,168.41
1332,81773592,non,32700211988,47,198.06
1333,39524988,maiores,22159083214,99,158.61
1334,79411775,asperiores,61134206195,480,76.11
1335,47147876,tenetur,96518724334,652,57.6
1336,39819579,tenetur,44896452298,662,148.68
1337,54543441,veritatis,33614886164,454,193.94
1338,18567066,iste,72110821504,474,133.03
1339,74291880,impedit,69831576294,145,41.06
1340,19485489,doloribus,87236558601,673,128.65
1341,47936760,quisquam,44815198164,724,192.4
1342,45811480,nemo,82306613259,44,111.39
1343,44201757,doloremque,83228671362,488,162.7
1344,65409503,voluptatum,73406618094,659,116.51
1345,37797393,velit,75279145063,220,191.17
1346,17159771,voluptas,36656088724,426,83.59
1347,79166488,distinctio,42191276825,423,197.04
1348,86449753,culpa,18475543735,415,107.92
1349,36847487,ea,12291659863,192,107.93
1350,76366875,error,56007999693,682,195.76
1351,48915444,minus,99986618531,383,112.96
1352,36115287,id,74207525208,374,128.52
1353,79355905,praesentium,15925725659,948,42.32
1354,27435292,ut,32657009807,635,133.45
1355,39595641,optio,92346059729,375,173.69
1356,67919975,sequi,42958277100,855,94.39
1357,46405237,molestias,85309573888,158,145.13
1358,33410115,odit,29427701706,261,86.33
1359,29354729,culpa,87539910181,427,83.08
1360,64480963,voluptatem,37285277972,750,28.14
1361,43029803,nobis,82696526695,273,181.27
1362,86877741,asperiores,36825531861,985,188.61
1363,23229736,neque,56853930026,933,14.75
1364,76647064,nesciunt,87236558601,235,177.87
1365,91478246,numquam,17530391057,916,123.91
1366,44012556,aut,95177422183,672,164.29
1367,45001603,minus,41481267003,926,43.79
1368,20914404,tempora,49211418165,734,142.95
1369,75666124,non,21648967294,87,6.15
1370,94206925,tempora,53990417017,620,68.24
1371,84001667,ut,74466452911,934,155.14
1372,74686216,sequi,76264066215,106,70.21
1373,10206364,quidem,48780013818,587,193.33
1374,48892092,nobis,66058783574,94,49.74
1375,58353010,natus,54621518986,280,168.85
1376,43029803,voluptatum,34246933336,259,187.77
1377,62180130,exercitationem,88567003009,190,8.15
1378,20461327,quas,96278884405,135,82.23
1379,74531058,labore,80922634902,505,140.78
1380,30703438,hic,63061513568,585,64.18
1381,82944488,corrupti,42534256980,638,84.03
1382,89915524,quo,36825531861,839,6.76
1383,18523351,nemo,98540671437,796,125.33
1384,92668668,ullam,99022971659,871,129.47
1385,12538687,assumenda,56651255454,176,59.34
1386,32057414,consectetur,26928501843,347,63.58
1387,33343893,sint,32582579028,524,183.52
1388,11081850,voluptatum,18394037927,349,198.25
1389,26540634,similique,37092469329,833,30.21
1390,21695089,inventore,85773250044,289,108.37
1391,95507450,corrupti,76732331122,827,41.27
1392,75654794,ratione,73679905789,66,86.2
1393,89535902,fugiat,80239559256,616,158.13
1394,21065465,repudiandae,38129397629,601,19.59
1395,78347148,repudiandae,16613815589,636,118.01
1396,93589189,ducimus,23196315590,174,101.13
1397,67919975,eaque,14737701704,240,161.29
1398,46711608,similique,91991919171,122,71.42
1399,36039097,nulla,33312438049,402,152.78
1400,11466749,laborum,93651269942,778,78.8
1401,46711608,quibusdam,96305004899,443,71.85
1402,33932545,facere,82696526695,12,47.95
1403,23959135,libero,88150358453,355,170.31
1404,67440522,sint,89946882748,228,117.32
1405,99725236,quasi,72460334359,474,179.69
1406,13567939,minus,46600449110,974,33.0
1407,53840772,in,61571576662,635,46.28
1408,88209127,odit,30317058667,62,131.68
1409,95507450,tempore,73803357451,755,87.57
1410,17438013,quidem,47168561187,83,162.16
1411,66877533,nulla,75132467340,229,157.1
1412,27171104,cumque,14255177824,742,19.05
1413,72684533,ea,58627879086,798,75.58
1414,14433390,exercitationem,58088740817,79,197.28
1415,85125592,sequi,85273119249,914,177.27
1416,21012358,sequi,80922634902,263,150.47
1417,13080157,blanditiis,69234226001,519,187.66
1418,73586381,quisquam,27472397193,973,66.6
1419,43029803,harum,86308896948,111,146.19
1420,15853964,temporibus,28074382472,277,167.73
1421,74865319,temporibus,44991842527,549,34.67
1422,63619119,consectetur,99946166282,642,112.82
1423,68832950,quos,83826565005,326,56.05
1424,88652724,quibusdam,60130916706,301,56.47
1425,54543441,dolores,52120384586,424,33.69
1426,47936760,sed,37239909423,914,133.16
1427,75062416,quisquam,25425560567,878,151.84
1428,66472979,minima,50007844334,291,97.62
1429,61402759,maiores,35546407573,670,78.02
1430,28628750,exercitationem,38131449772,531,49.32
1431,16169873,consequuntur,42936525313,118,44.69
1432,24406419,soluta,42191276825,408,128.18
1433,74686216,tenetur,54289982464,267,72.1
1434,76366875,esse,39057048788,69,77.69
1435,46089314,eius,55881915691,19,118.43
1436,89915524,debitis,38681796277,991,36.54
1437,79977277,quia,94766354775,321,116.08
1438,44201757,assumenda,47612025641,474,80.24
1439,51091899,dolorum,10817942646,752,84.31
1440,15853964,consectetur,22334475962,241,52.76
1441,39345796,odio,25007416985,29,67.02
1442,73586381,eveniet,20982182102,613,191.78
1443,30702438,accusamus,32657009807,500,68.54
1444,78968205,cupiditate,66428367823,316,146.36
1445,11778621,quia,76247771535,146,57.2
1446,28455708,cum,43410016146,348,36.88
1447,79977277,minima,54289982464,694,134.7
1448,63958509,delectus,54720866738,369,48.51
1449,33932545,veniam,42561272763,754,109.31
1450,17198469,tempora,57142787662,427,72.57
1451,46624435,explicabo,39852883759,253,113.48
1452,39345796,natus,15529619219,996,86.27
1453,59909328,eos,27945628891,734,7.0
1454,41809818,excepturi,24351812610,818,167.36
1455,79874863,qui,46432882745,431,77.19
1456,40755075,labore,88407284265,276,48.47
1457,81773592,laboriosam,80853761587,461,47.5
1458,63454191,perferendis,25447156505,597,129.82
1459,45622200,quibusdam,16680634782,391,71.72
1460,21894049,voluptate,29232065380,28,84.85
1461,26991361,porro,70903145213,633,115.23
1462,94867489,alias,51759153893,158,111.89
1463,56744379,itaque,20142648044,796,23.39
1464,75113625,beatae,54660346519,85,118.83
1465,72377122,fuga,48499463776,382,92.17
1466,78047821,quas,73284539301,608,98.01
1467,39345796,eos,11254715575,450,46.29
1468,26331068,dolore,18601553575,135,100.54
1469,68132932,repellendus,92077402946,219,155.25
1470,14096073,aut,32175388673,143,82.88
1471,63501688,veniam,37505639681,617,29.84
1472,14792386,repellendus,83542271012,501,62.71
1473,46624435,sapiente,78605317228,549,196.68
1474,29006522,maiores,82250274017,623,42.68
1475,76740364,perferendis,67332578331,837,150.06
1476,20666136,sequi,24420391519,857,25.84
1477,30702438,quae,42335378922,275,119.26
1478,85125592,aperiam,30558823725,713,166.86
1479,72385199,fugit,39057048788,238,65.2
1480,88841532,impedit,78333032519,172,36.06
1481,41110193,sequi,43833198432,810,142.01
1482,58879690,laboriosam,81822916971,11,61.12
1483,18523351,totam,82250274017,310,44.37
1484,40755075,in,88567003009,916,40.24
1485,36846821,dolor,32582579028,206,43.73
1486,10627784,nam,27472397193,565,103.18
1487,56332020,non,91046355312,218,17.33
1488,39595641,maiores,13454713624,205,167.2
1489,11081850,dicta,77996794430,375,167.02
1490,65735412,deserunt,75475739543,540,37.48
1491,76221312,adipisci,96315572887,537,76.41
1492,34936324,enim,83005990812,776,75.17
1493,21894049,eaque,76247771535,516,5.01
1494,49887786,dolorum,16071706903,951,120.02
1495,17614894,praesentium,92505332578,370,93.32
1496,62158303,doloribus,77993855846,321,91.6
1497,48892092,sint,14737701704,424,25.28
1498,97927112,maxime,90650636918,814,173.75
1499,39915025,aliquam,46600449110,902,105.72
1500,30959549,libero,36425700278,427,192.83
1501,61920395,repellat,83288421779,817,151.89
1502,63619855,corporis,39633169062,104,12.7
1503,46725813,corrupti,87531590031,936,30.85
1504,97995808,voluptas,31194842464,75,145.5
1505,58353010,ducimus,72216980022,378,168.25
1506,26132627,esse,45423722111,279,49.24
1507,71844391,hic,73162031731,343,162.95
1508,74842791,quos,89942374501,216,32.24
1509,39025050,blanditiis,83123513686,117,39.57
1510,87113335,praesentium,34246933336,558,138.52
1511,20114392,eveniet,65839883643,492,8.27
1512,87075779,laborum,21370617176,147,194.93
1513,75113625,ullam,38059655605,769,169.46
1514,49176296,nihil,83345758491,237,7.37
1515,76221312,vitae,72548413094,674,73.67
1516,21546013,fuga,36425700278,484,16.05
1517,67919975,temporibus,28504983279,492,79.82
1518,36039097,sit,38681796277,805,13.91
1519,37799357,amet,29671110986,201,119.25
1520,10448619,soluta,15529619219,367,28.81
1521,79166488,hic,53214407698,941,7.59
1522,90021285,a,47453713988,200,61.26
1523,54543441,ipsa,24572424080,185,38.95
1524,85794274,dolores,54720866738,677,35.02
1525,68082747,repellendus,43855616123,96,7.78
1526,35555980,veritatis,98540671437,32,88.37
1527,86717653,fugiat,97901536833,853,11.34
1528,40732338,quia,47752424365,710,19.1
1529,44012556,nisi,38814152957,630,49.08
1530,85794274,impedit,75140374476,764,199.52
1531,96327996,atque,77051824341,282,63.09
1532,61402759,est,88567003009,300,65.89
1533,47061159,aperiam,77993855846,466,166.63
1534,21695089,quidem,44815198164,601,50.3
1535,24406419,ex,16586251902,939,111.66
1536,39807404,odio,44519300758,80,83.71
1537,29276139,tenetur,69965535185,33,94.96
1538,99725236,enim,35087349177,383,158.1
1539,74842791,ad,26086866572,670,123.87
1540,14483616,harum,12319670820,845,56.57
1541,14720681,dolore,46136642502,164,21.15
1542,72179494,at,19002094485,637,60.32
1543,51833369,in,15408998343,214,8.94
1544,79411775,at,98770196990,227,122.71
1545,56543942,voluptatum,10359995598,737,126.02
1546,66339748,at,61908011880,650,176.27
1547,95170508,adipisci,44761982751,353,189.87
1548,62709676,culpa,73656482622,33,61.94
1549,95570216,accusamus,54720866738,737,43.05
1550,32052428,vitae,47740893336,260,70.3
1551,28331671,iste,90813812400,692,22.64
1552,40755075,dolor,65764946708,381,146.6
1553,94206925,maiores,48789890750,119,123.07
1554,49162376,dolorum,83005990812,411,122.52
1555,61218992,est,11198450781,676,153.13
1556,18668907,eius,47503732957,904,123.54
1557,73909515,qui,98964400514,390,187.44
1558,39025050,accusantium,47168561187,179,177.61
1559,42908634,totam,29108153832,600,48.22
1560,35073478,rem,89946882748,98,109.57
1561,76740364,aliquam,23953392665,812,64.74
1562,97927112,consequatur,43209193429,716,71.07
1563,61218992,optio,45780307420,872,109.82
1564,45016628,dolore,54648605058,365,20.04
1565,20666136,itaque,54648605058,261,134.72
1566,74362819,repellat,89094797116,174,98.11
1567,50494764,non,40739130987,889,126.72
1568,93125094,minus,80753843543,428,134.55
1569,35124719,ad,38259472669,684,72.62
1570,31244148,eius,49110273720,55,125.89
1571,78153610,nemo,49788316482,504,194.02
1572,86210765,officia,51759153893,539,126.13
1573,17159771,impedit,39057048788,336,56.76
1574,32057414,quae,25425560567,41,167.01
1575,85125592,illo,33788864873,157,115.09
1576,85434885,molestias,21014571893,214,143.88
1577,24309235,cupiditate,23262509963,268,40.66
1578,68483088,consequatur,34246933336,460,18.83
1579,49176296,aliquam,53154318012,430,98.33
1580,28125301,nam,21514645905,584,177.74
1581,14096073,neque,93502953185,584,8.37
1582,14339426,adipisci,54806339625,218,38.69
1583,20114392,possimus,54660346519,69,89.85
1584,36846821,perspiciatis,45639427180,906,118.89
1585,78347148,eligendi,57142787662,144,173.88
1586,75654794,nisi,32258653903,713,160.92
1587,66113855,eius,18806005742,21,182.31
1588,81320792,provident,30949838502,607,144.66
1589,78968205,assumenda,98366389264,977,107.69
1590,52498824,non,17236806773,708,85.7
1591,92796381,optio,97369756123,970,49.69
1592,21701228,omnis,23262509963,302,114.12
1593,62923138,repellat,77051824341,578,135.4
1594,39105153,ad,44991842527,340,193.49
1595,15623356,ullam,47654434080,217,188.18
1596,42473362,vel,15066840940,558,60.37
1597,93589189,in,83345758491,882,6.15
1598,91149406,nam,37092469329,921,11.25
1599,95570216,expedita,58959604649,488,35.43
1600,27569874,nihil,14123809443,493,45.57
1601,93520557,ut,75244129200,388,9.87
1602,60665701,enim,78620128151,921,166.63
1603,29276139,fuga,87257009963,436,73.58
1604,57152331,dolorum,94285972737,990,56.09
1605,39105153,exercitationem,90808973975,555,143.79
1606,43029803,tempora,88654156152,586,197.0
1607,27162731,earum,96677856044,17,154.22
1608,29006522,voluptates,41173319500,628,10.06
1609,51252660,nam,20935696329,580,131.49
1610,78565780,quod,55311741932,665,117.3
1611,23959135,at,20935696329,674,91.75
1612,94583813,qui,62120796139,997,49.17
1613,63619855,iusto,77996794430,67,128.32
1614,14720430,consectetur,95165941336,383,171.49
1615,57152331,eligendi,59189105355,557,179.96
1616,85014462,odit,84066649981,21,152.82
1617,55377346,ipsum,63174848889,687,58.64
1618,17112754,ipsa,75788805500,683,98.42
1619,40732338,dignissimos,93972973037,151,158.51
1620,58456885,illo,11235342712,400,114.26
1621,98617114,unde,43730315942,378,75.38
1622,70298286,ratione,86551679574,408,177.28
1623,82619785,aspernatur,17583314214,691,15.64
1624,82133136,unde,30395651504,606,16.59
1625,32070103,voluptas,91131529091,914,66.81
1626,44433867,voluptate,98917368379,899,16.74
1627,66927641,quasi,74167434616,355,146.65
1628,61920395,mollitia,89094797116,119,177.26
1629,18628662,aliquid,22159083214,915,26.97
1630,82133136,ut,37475938422,738,181.85
1631,63958509,ullam,18323174968,977,145.31
1632,38441981,eveniet,16375979543,627,60.61
1633,33568511,temporibus,39633169062,706,150.63
1634,69855034,laboriosam,91375376727,472,132.2
1635,54709543,pariatur,46457666029,824,177.41
1636,80923417,veniam,57753823148,707,198.52
1637,69521887,esse,38681796277,526,107.34
1638,66927641,quos,16375979543,181,10.89
1639,73756614,eligendi,29395357407,800,54.24
1640,26331068,a,41481267003,332,138.46
1641,80740321,fugiat,58957339017,209,139.81
1642,34936324,nihil,18475543735,482,197.85
1643,51133228,quo,29865740066,116,76.14
1644,28331671,doloremque,10941377063,670,158.95
1645,14414156,eius,72087552359,223,141.25
1646,30702438,iusto,92910636548,85,28.47
1647,77869659,temporibus,22201341933,692,194.16
1648,97927112,repellat,27907597767,124,74.23
1649,62158303,repellat,27945628891,114,74.52
1650,15623356,enim,59212285351,854,182.02
1651,43029803,sed,50220780074,427,34.2
1652,14483616,nulla,99022971659,600,19.19
1653,20241337,quasi,83228671362,548,155.52
1654,38963092,excepturi,44208751350,755,175.6
1655,20039317,laudantium,27907597767,111,33.06
1656,97366956,iure,24827543719,924,176.11
1657,43655052,natus,76943588496,675,27.28
1658,14433390,alias,37683129449,398,30.58
1659,37797393,distinctio,74466452911,315,153.3
1660,68416890,fugiat,92722590087,678,125.02
1661,68483088,libero,42624858365,662,139.61
1662,79874863,vero,66845020878,796,6.59
1663,77659189,deleniti,29611556405,557,77.39
1664,88878566,vel,23687053016,857,7.07
1665,84864432,vero,97513353616,918,177.5
1666,59056588,quibusdam,24572424080,273,112.98
1667,39567474,incidunt,25007416985,360,182.11
1668,27865533,natus,13847137135,135,185.85
1669,76428777,cupiditate,96717929960,64,18.67
1670,96374343,beatae,90020554121,897,96.62
1671,18191984,ex,46569433808,722,151.04
1672,55346701,alias,33394262073,325,23.78
1673,50285015,nobis,16375979543,268,27.41
1674,17112754,ipsam,83976216291,522,114.13
1675,21065465,molestias,90747066006,268,190.7
1676,30328939,magni,30248428197,78,91.12
1677,86028435,voluptatem,43829442944,207,190.85
1678,78347148,placeat,74533106648,80,51.53
1679,17159771,explicabo,65764946708,886,120.21
1680,69521887,placeat,53177943556,453,117.73
1681,29006522,quidem,15892626834,613,85.81
1682,31244148,rerum,41110268026,492,88.36
1683,37797393,quo,37192002137,524,30.17
1684,52597734,nobis,69234226001,184,67.93
1685,76221312,neque,21065554331,106,100.36
1686,39915025,libero,10996411424,32,106.81
1687,79278860,ex,61707485826,51,125.41
1688,88885406,provident,76423358561,604,43.64
1689,42473362,asperiores,35223753461,426,111.15
1690,88885406,dicta,26315067491,362,74.27
1691,13268124,dignissimos,26928501843,668,87.94
1692,87075779,ad,82306613259,583,185.8
1693,88652724,doloribus,10817942646,515,178.3
1694,14483616,consequuntur,23904606312,929,76.52
1695,53840772,delectus,45867294670,66,77.66
1696,91620927,reiciendis,88813914649,628,192.02
1697,14433390,at,89131224431,467,58.53
1698,15779632,ex,51800506112,528,171.82
1699,92668668,dolore,45639427180,353,160.37
1700,69521887,quos,24572424080,413,192.01
1701,44421220,exercitationem,38681796277,932,29.78
1702,67245116,optio,56651255454,353,186.97
1703,80946472,quidem,84644014698,641,22.52
1704,99262436,rem,86392658741,891,165.52
1705,19400393,voluptatibus,73162031731,33,91.68
1706,29286159,corrupti,60595316707,605,97.62
1707,36846821,eius,74137474983,606,72.92
1708,11413976,molestiae,58049329289,622,19.6
1709,72377122,voluptates,73065765949,196,161.85
1710,46089314,ea,60415203575,613,149.09
1711,29276139,laborum,67808836492,74,68.64
1712,27171104,quod,24808850475,848,162.52
1713,13787771,reiciendis,57953104555,95,148.29
1714,54251131,mollitia,59212285351,738,160.23
1715,76250134,doloremque,34625082254,938,166.57
1716,24126419,deserunt,52763113641,649,140.09
1717,74362819,voluptates,12763507608,669,17.02
1718,63501688,natus,78318152930,209,103.19
1719,36115287,cumque,21531207049,189,6.27
1720,32057414,voluptatem,43410016146,602,163.7
1721,27569874,fugit,60584671588,562,70.94
1722,36654427,optio,62802540643,483,151.8
1723,32797562,odit,68271292903,44,10.41
1724,94583813,exercitationem,17430825518,827,189.96
1725,86819485,aliquam,43829442944,278,111.03
1726,73909515,cupiditate,15785152844,340,48.07
1727,99262436,illo,34625082254,972,96.04
1728,82317091,in,62878263233,113,170.89
1729,11052136,consectetur,91790553492,83,57.4
1730,37799357,aliquid,43833198432,611,55.22
1731,14720681,sint,75765356962,584,54.9
1732,66472979,dolor,55146242771,984,54.35
1733,68483088,omnis,81523503758,847,35.78
1734,47061159,dolor,62120796139,271,37.73
1735,17049041,quia,11987230818,11,167.75
1736,73469543,eius,87046588024,58,98.67
1737,39817438,esse,94766354775,865,25.84
1738,32416255,distinctio,86649011332,535,163.45
1739,56685939,dolores,80165514749,721,118.41
1740,26873343,delectus,32111150816,36,107.93
1741,28284809,maxime,14153019787,692,52.54
1742,43029803,ipsa,83109040915,387,133.1
1743,98770259,consectetur,96675864557,19,60.37
1744,20417325,doloremque,36469818928,802,35.16
1745,77636464,placeat,27357445421,65,86.84
1746,70005791,dolorem,69831576294,474,137.15
1747,58353010,corporis,23150020087,444,22.04
1748,95570216,error,82341333120,790,94.8
1749,92004349,ad,28186886687,850,61.55
1750,26540634,odit,69076868450,619,54.44
1751,88652724,beatae,37297553607,807,192.44
1752,46405237,cum,85999989186,969,187.65
1753,36846821,aspernatur,28943599832,830,38.57
1754,72728137,vitae,91131529091,429,149.02
1755,49520310,iusto,67969742250,776,142.43
1756,19631711,numquam,76732331122,471,16.68
1757,36157342,aliquid,55712111642,515,149.46
1758,31578948,odit,18475543735,721,44.38
1759,68082747,odit,76104227992,972,103.42
1760,20039317,eaque,28306663760,896,109.57
1761,68483088,quasi,26347048202,183,128.38
1762,36039097,est,96894780695,78,47.01
1763,21012358,molestiae,18394037927,122,101.42
1764,21065465,quod,83542271012,652,133.27
1765,24286961,autem,45169217272,332,60.05
1766,13080157,incidunt,42335378922,241,69.89
1767,38043120,numquam,24572424080,194,132.58
1768,65005742,asperiores,79765273814,277,57.66
1769,72377122,quas,72460334359,978,65.83
1770,33568511,sed,83684252293,434,82.46
1771,94867489,optio,71523606803,680,39.01
1772,10627784,quod,20521068534,431,29.43
1773,83766737,illo,57884753367,696,186.37
1774,14720681,assumenda,47752424365,753,42.05
1775,55346701,ex,30772828087,504,22.1
1776,50494764,odio,87046588024,633,188.28
1777,61218992,repudiandae,96635459596,951,37.24
1778,38441981,incidunt,36425700278,863,115.99
1779,74616083,at,42624858365,840,132.93
1780,84201096,deserunt,30282343855,12,21.51
1781,82133136,dicta,93502953185,800,60.13
1782,85536234,consequatur,37814457490,784,75.42
1783,76221312,rerum,86583507019,970,162.2
1784,76647064,molestiae,73162031731,693,193.37
1785,92668668,alias,91645589155,495,115.43
1786,39978100,ipsam,26853761276,613,124.76
1787,20666136,molestiae,96677856044,218,75.15
1788,68082747,dolores,60248807697,872,135.66
1789,48201850,accusamus,43020149446,78,66.19
1790,96465781,expedita,82413354099,795,116.13
1791,19485489,voluptates,95456681228,501,158.21
1792,33568511,culpa,38131449772,46,63.19
1793,18191984,reiciendis,41481267003,274,199.28
1794,85125592,dolores,70271057822,239,83.3
1795,30702438,nobis,27907597767,644,64.44
1796,84542709,rerum,33188825341,321,20.08
1797,85794274,aut,12968829819,728,60.89
1798,66750958,natus,41937858567,344,114.81
1799,62158303,nostrum,80271309086,519,55.1
1800,65409503,corporis,89046310195,584,6.73
1801,15779632,consequatur,17236806773,139,28.13
1802,66339748,itaque,62531800230,517,189.37
1803,30703438,voluptatem,44381444933,325,155.63
1804,77636464,quibusdam,95283262036,336,180.29
1805,14433390,blanditiis,70490004669,805,25.35
1806,77869659,in,97470133337,779,102.23
1807,74211642,illo,46600449110,267,89.85
1808,44218453,quae,55311258475,960,198.23
1809,72385199,reprehenderit,33788864873,959,132.53
1810,21546013,asperiores,14145747358,752,15.16
1811,14433390,doloremque,69578827476,650,5.26
1812,30706123,iste,57753823148,235,102.23
1813,55306862,aut,41512347799,770,188.48
1814,97927112,tenetur,95177422183,827,43.07
1815,92887994,expedita,42534256980,756,112.56
1816,26069821,iusto,65634632420,252,138.66
1817,13080157,error,68887453990,223,112.38
1818,44421220,perferendis,44381444933,273,92.38
1819,83188156,modi,12319670820,232,128.05
1820,77801631,nobis,95177422183,517,65.87
1821,41802112,ullam,25496206846,236,145.87
1822,72728137,ab,24808850475,978,134.74
1823,13080157,vero,64726443503,239,16.74
1824,78153610,officiis,23262509963,668,91.47
1825,20666136,soluta,54289982464,119,18.01
1826,57152331,mollitia,62428459800,874,133.3
1827,44201757,veritatis,54621518986,616,146.61
1828,32052428,consequatur,10533113005,238,66.17
1829,21695089,natus,95456681228,211,53.32
1830,88652724,porro,99806849634,147,9.67
1831,73756614,soluta,96278884405,18,138.42
1832,77802205,et,95593672232,751,124.31
1833,48024725,eius,38059655605,25,111.07
1834,69377584,expedita,77821091577,231,124.28
1835,19073877,voluptatum,54289982464,268,26.05
1836,87075779,odio,29408828833,667,151.56
1837,49100956,quam,41512347799,603,17.38
1838,68416890,voluptates,17122770809,370,6.71
1839,49100956,provident,24988563065,932,27.97
1840,49176296,id,29232065380,649,79.81
1841,53763372,veniam,54648605058,122,153.01
1842,84864432,quaerat,48780013818,717,144.52
1843,70034068,voluptatum,22334475962,728,19.9
1844,44201757,consequuntur,83542271012,882,117.16
1845,55346701,placeat,89959487479,816,86.62
1846,45016628,ut,20935696329,162,199.95
1847,98770259,nobis,63676925923,560,59.54
1848,49520310,eligendi,99813271987,595,73.48
1849,65409503,nam,20675622664,65,138.31
1850,91434258,nostrum,24647124020,794,192.54
1851,59211387,itaque,16340869934,625,114.67
1852,16314611,laboriosam,99022971659,556,126.36
1853,25414348,et,69965535185,831,5.81
1854,44761709,dolorum,74137474983,563,50.48
1855,36847487,dignissimos,10817942646,675,126.8
1856,97366956,eligendi,91893580676,131,70.84
1857,95198633,ipsa,99979316856,376,193.6
1858,73469543,placeat,43410016146,354,171.2
1859,84201096,consectetur,31194842464,553,13.55
1860,84542709,ab,33312438049,380,56.06
1861,63619119,nesciunt,59432796762,272,33.7
1862,82899791,cupiditate,12291659863,521,164.84
1863,14720681,temporibus,76549329963,974,29.31
1864,65000535,dolores,58088740817,150,134.31
1865,49520310,fugiat,44358331110,212,183.2
1866,71844391,vitae,58812734152,652,83.81
1867,42929439,explicabo,98176367915,142,162.6
1868,78047821,hic,17471370006,631,142.24
1869,81869998,id,37505639681,289,35.2
1870,46692660,ab,61908011880,563,162.89
1871,30959549,magni,48673616139,340,198.2
1872,40303928,ipsa,54660346519,758,94.58
1873,88652724,hic,85773250044,310,178.44
1874,54119521,sit,97470133337,752,166.72
1875,63665661,quidem,83123513686,655,56.25
1876,96937138,sint,94293627367,189,188.67
1877,40755075,veritatis,81162523062,469,143.29
1878,24309235,vel,19875180430,701,160.85
1879,17198469,non,23469168502,754,175.68
1880,18668907,temporibus,48780013818,726,67.0
1881,14833808,minima,99946166282,265,68.69
1882,58353010,tempore,87539910181,825,152.04
1883,41101468,pariatur,24006607827,780,90.97
1884,97927112,dolor,32582579028,872,22.51
1885,94578681,officia,39150131999,635,70.47
1886,54709543,esse,23196315590,811,45.66
1887,76366875,fuga,65801523336,898,14.76
1888,15623356,inventore,31948740509,164,121.99
1889,25414348,accusantium,97369756123,976,179.78
1890,94867489,sed,85309573888,523,131.62
1891,42473362,provident,62428459800,520,83.24
1892,85536234,nisi,49590339703,624,110.68
1893,73647309,voluptas,94123109828,758,135.21
1894,28628750,maiores,96846569218,213,102.69
1895,84340716,tenetur,55311741932,255,193.55
1896,94618224,inventore,10698746050,453,38.09
1897,95061787,dolore,85273119249,255,78.39
1898,53840772,odit,96518724334,81,187.36
1899,11877651,quo,18323174968,539,163.13
1900,69855034,laborum,54967800324,12,189.57
1901,35555980,odit,57716614056,408,106.47
1902,29354729,incidunt,25425560567,822,92.51
1903,65409503,ratione,89017196992,678,41.98
1904,49914674,commodi,37794169075,901,83.63
1905,60325101,mollitia,31033476845,326,129.52
1906,81039607,ducimus,89041440686,406,103.2
1907,15583022,sapiente,19164364508,604,73.15
1908,79925211,deleniti,14705315412,268,95.82
1909,26540634,explicabo,20821200466,237,33.88
1910,75062416,architecto,51800506112,325,180.11
1911,46089314,similique,38459187548,83,141.85
1912,32057414,unde,28943599832,474,116.57
1913,18668907,deserunt,58812734152,274,192.62
1914,49162376,impedit,33580376733,881,78.51
1915,58456885,consectetur,71523606803,419,149.17
1916,24406419,necessitatibus,17059362412,299,122.79
1917,63958509,doloremque,78270790871,129,35.98
1918,43125838,adipisci,75330642011,521,198.6
1919,81490643,ducimus,26853761276,666,49.21
1920,13111809,repellendus,19586415634,24,128.1
1921,17159771,architecto,60755014273,683,110.21
1922,39915025,quod,96235824582,932,59.29
1923,24126419,iusto,12319670820,408,67.18
1924,39915025,ut,85673944613,399,38.39
1925,38043120,eius,24572424080,657,148.55
1926,54251131,neque,33638704029,297,134.4
1927,26331786,unde,26336886221,126,178.98
1928,44012556,nam,66240626456,362,63.14
1929,79991997,excepturi,25496206846,466,20.52
1930,61920395,consequatur,15189428075,166,116.69
1931,47937918,consectetur,26076326978,151,153.73
1932,91973992,eum,41512347799,325,110.13
1933,75150276,iste,55881915691,585,174.06
1934,15779632,modi,66308621794,764,84.63
1935,66472979,occaecati,21370617176,244,149.41
1936,85996871,animi,91893580676,325,5.24
1937,11081850,nesciunt,83228671362,878,198.76
1938,72728137,esse,61571576662,504,155.86
1939,30301805,nesciunt,72216980022,925,157.37
1940,28284809,harum,40471366742,167,158.86
1941,44218453,non,69120527432,63,36.6
1942,73501909,velit,19105807984,645,61.92
1943,36157342,eligendi,86392658741,126,14.99
1944,93125094,eligendi,21370617176,661,43.7
1945,63501688,ipsa,75732543089,671,123.92
1946,42473362,unde,78760438651,74,195.37
1947,10206364,pariatur,79493249723,124,163.95
1948,15853964,ducimus,37995412640,693,11.29
1949,39587354,reprehenderit,43944722358,753,188.04
1950,42473362,praesentium,66058783574,932,179.96
1951,79355905,mollitia,12876523185,904,54.74
1952,21701228,ullam,83005990812,459,94.01
1953,69629466,facilis,81008717260,961,159.3
1954,84201096,consequatur,61984201769,707,166.57
1955,65071130,in,54666027678,35,171.55
1956,29276139,ab,88150358453,263,84.14
1957,37792750,consequatur,30949838502,946,81.32
1958,88864603,pariatur,76423358561,157,188.75
1959,79874863,odit,89959487479,393,191.51
1960,88826946,suscipit,96473541405,838,131.57
1961,42307584,quasi,62842947941,564,70.71
1962,68015159,non,44381444933,573,117.31
1963,84542709,earum,16684338344,360,159.35
1964,68832950,fuga,84701914598,699,13.43
1965,95061787,maiores,94745326480,663,72.38
1966,81869998,saepe,33614886164,749,182.51
1967,84994263,incidunt,70008314063,823,111.93
1968,81132028,nihil,21014571893,287,25.14
1969,41809818,alias,94718088152,936,150.16
1970,13268124,in,26928501843,462,173.74
1971,48076124,ex,24202442285,636,42.52
1972,42186939,quidem,95650228614,640,23.13
1973,81773592,deserunt,73679905789,426,44.55
1974,38441981,molestias,47752424365,812,75.47
1975,77659189,delectus,26853761276,518,83.2
1976,42929439,delectus,74548864286,392,29.38
1977,14720681,assumenda,63766715711,916,90.25
1978,51833369,cumque,89017196992,287,169.93
1979,91620927,a,36113317157,15,6.08
1980,88826946,reiciendis,40697632295,584,31.61
1981,44201757,perspiciatis,20675622664,580,171.17
1982,85014462,dignissimos,70008314063,193,170.98
1983,81680931,adipisci,68360690393,461,27.54
1984,55377346,eum,77531765095,382,136.4
1985,18523351,impedit,76750615834,272,195.66
1986,27435292,provident,56370210203,419,117.65
1987,93125094,eius,92967857391,902,183.18
1988,71123269,qui,99022971659,777,132.53
1989,72684533,tempore,23196315590,215,94.03
1990,17614894,dolore,43817214205,841,95.3
1991,84864432,quibusdam,94285972737,765,181.54
1992,84001667,voluptatibus,54967800324,72,84.77
1993,75335517,nihil,19439121907,826,100.62
1994,72025052,perspiciatis,50868681077,323,10.55
1995,46692660,non,67616066680,638,66.43
1996,77802205,assumenda,34246933336,916,54.24
1997,69521887,nam,11254715575,184,160.38
1998,80740321,molestiae,58957339017,571,63.5
1999,62299144,quos,71242228671,892,193.47
2000,74211642,fugiat,61571576662,559,16.19
