id_insumo,fecha_venc
2000,2025-12-21
1999,2026-03-01
1998,2027-01-07
1997,2027-05-09
1996,2026-04-16
1995,2026-01-31
1994,2027-04-05
1993,2026-11-26
1992,2027-06-08
1991,2026-06-11
1990,2026-03-12
1989,2026-09-12
1988,2026-04-19
1987,2027-06-12
1986,2025-08-15
1985,2025-07-06
1984,2026-02-20
1983,2026-10-26
1982,2026-05-25
1981,2025-12-11
1980,2026-04-27
1979,2026-07-20
1978,2026-07-22
1977,2025-07-05
1976,2026-07-25
1975,2027-01-29
1974,2026-01-03
1973,2025-11-01
1972,2025-08-31
1971,2026-08-29
1970,2027-02-28
1969,2027-01-20
1968,2026-08-07
1967,2027-05-19
1966,2026-10-27
1965,2026-06-13
1964,2025-08-02
1963,2026-11-07
1962,2026-03-09
1961,2025-09-26
1960,2025-12-21
1959,2026-01-01
1958,2025-11-04
1957,2026-04-17
1956,2025-07-09
1955,2026-10-18
1954,2025-10-18
1953,2025-08-12
1952,2027-01-01
1951,2025-11-08
1950,2027-04-14
1949,2025-08-29
1948,2025-10-17
1947,2025-08-24
1946,2025-11-24
1945,2026-03-05
1944,2025-11-29
1943,2026-08-20
1942,2027-01-25
1941,2026-08-17
1940,2027-06-24
1939,2026-08-14
1938,2026-12-02
1937,2027-05-16
1936,2025-08-07
1935,2026-02-16
1934,2027-02-19
1933,2026-06-14
1932,2026-01-29
1931,2026-10-07
1930,2025-07-27
1929,2025-07-05
1928,2025-07-08
1927,2027-01-01
1926,2026-02-24
1925,2026-07-15
1924,2027-02-22
1923,2027-05-29
1922,2026-04-07
1921,2026-07-23
1920,2026-09-24
1919,2027-04-08
1918,2026-09-21
1917,2026-05-22
1916,2026-11-23
1915,2026-03-04
1914,2025-08-17
1913,2025-09-25
1912,2026-02-25
1911,2025-08-02
1910,2025-08-27
1909,2026-07-19
1908,2026-04-01
1907,2025-09-02
1906,2026-03-18
1905,2026-06-30
1904,2025-09-29
1903,2026-01-04
1902,2027-03-14
1901,2026-10-09
1900,2026-11-28
1899,2025-07-09
1898,2026-12-21
1897,2026-08-21
1896,2026-07-29
1895,2026-04-26
1894,2027-05-30
1893,2026-03-06
1892,2025-09-10
1891,2027-06-04
1890,2026-03-06
1889,2026-03-27
1888,2027-05-30
1887,2026-11-15
1886,2025-11-15
1885,2026-09-06
1884,2027-05-18
1883,2026-03-18
1882,2026-05-13
1881,2026-06-03
1880,2025-12-03
1879,2025-08-09
1878,2026-08-13
1877,2027-04-17
1876,2025-10-11
1875,2026-07-04
1874,2025-08-16
1873,2026-09-20
1872,2026-11-10
1871,2026-03-10
1870,2026-03-01
1869,2026-03-18
1868,2026-04-22
1867,2026-05-09
1866,2026-05-05
1865,2025-09-15
1864,2026-08-07
1863,2025-11-21
1862,2027-03-09
1861,2026-07-15
1860,2027-03-09
1859,2026-02-14
1858,2025-10-24
1857,2026-05-14
1856,2027-02-28
1855,2026-10-04
1854,2026-10-06
1853,2025-11-09
1852,2026-03-01
1851,2026-09-07
1850,2026-09-13
1849,2025-11-04
1848,2026-03-06
1847,2026-06-02
1846,2027-01-02
1845,2025-09-22
1844,2026-02-05
1843,2027-03-12
1842,2026-02-25
1841,2025-09-26
1840,2027-04-25
1839,2026-08-16
1838,2026-04-07
1837,2026-04-30
1836,2026-08-19
1835,2026-07-04
1834,2026-11-11
1833,2027-02-03
1832,2026-06-01
1831,2025-10-06
1830,2026-12-10
1829,2026-08-29
1828,2025-10-28
1827,2025-08-06
1826,2026-12-04
1825,2026-07-08
1824,2027-02-21
1823,2026-04-28
1822,2026-05-20
1821,2027-05-08
1820,2027-06-09
1819,2025-09-20
1818,2026-06-25
1817,2027-03-07
1816,2027-06-15
1815,2027-06-01
1814,2027-03-18
1813,2025-07-11
1812,2025-08-16
1811,2025-09-29
1810,2025-12-21
1809,2026-04-01
1808,2026-12-20
1807,2027-01-30
1806,2026-04-24
1805,2027-06-04
1804,2025-10-03
1803,2027-01-15
1802,2026-09-04
1801,2026-01-20
1800,2025-12-29
1799,2027-03-07
1798,2026-01-07
1797,2026-07-31
1796,2027-02-13
1795,2025-12-01
1794,2025-07-06
1793,2026-03-09
1792,2025-12-22
1791,2027-02-13
1790,2026-05-29
1789,2026-10-28
1788,2027-06-08
1787,2026-07-09
1786,2027-04-24
1785,2025-07-08
1784,2025-12-15
1783,2026-11-26
1782,2025-10-16
1781,2025-10-24
1780,2027-04-04
1779,2026-07-11
1778,2026-05-16
1777,2026-04-09
1776,2026-12-07
1775,2026-03-31
1774,2026-11-21
1773,2027-01-20
1772,2026-09-25
1771,2027-01-26
1770,2026-03-31
1769,2026-07-13
1768,2027-02-12
1767,2025-07-14
1766,2026-08-22
1765,2026-04-09
1764,2025-07-09
1763,2025-07-13
1762,2025-11-06
1761,2026-02-01
1760,2025-11-26
1759,2026-12-29
1758,2027-06-14
1757,2026-09-15
1756,2026-08-14
1755,2025-09-23
1754,2027-06-01
1753,2026-12-14
1752,2026-07-01
1751,2026-07-30
1750,2026-05-30
1749,2025-09-29
1748,2026-02-27
1747,2026-08-16
1746,2026-05-12
1745,2027-04-03
1744,2027-06-25
1743,2026-12-31
1742,2025-08-13
1741,2026-04-28
1740,2026-09-09
1739,2026-12-25
1738,2025-11-20
1737,2027-01-23
1736,2025-09-01
1735,2027-03-23
1734,2027-06-28
1733,2027-06-26
1732,2026-12-01
1731,2027-01-28
1730,2025-10-21
1729,2025-10-01
1728,2027-04-24
1727,2026-03-11
1726,2027-03-27
1725,2027-05-16
1724,2027-06-09
1723,2025-12-30
1722,2026-01-29
1721,2026-03-13
1720,2026-01-17
1719,2025-12-14
1718,2026-09-23
1717,2026-09-17
1716,2025-07-01
1715,2025-12-28
1714,2026-11-03
1713,2026-09-04
1712,2027-06-09
1711,2025-10-20
1710,2027-06-21
1709,2027-04-04
1708,2026-03-10
1707,2025-12-29
1706,2026-06-06
1705,2025-08-10
1704,2025-10-27
1703,2025-08-21
1702,2026-02-25
1701,2026-01-24
1700,2026-07-24
1699,2026-11-30
1698,2027-02-22
1697,2026-01-19
1696,2026-07-14
1695,2025-10-16
1694,2027-01-04
1693,2026-12-13
1692,2026-05-12
1691,2027-01-06
1690,2026-12-18
1689,2026-12-04
1688,2025-10-30
1687,2027-03-12
1686,2026-08-17
1685,2025-11-03
1684,2026-07-14
1683,2027-03-04
1682,2026-04-28
1681,2026-07-16
1680,2027-03-20
1679,2027-03-31
1678,2027-03-10
1677,2027-04-29
1676,2025-08-09
1675,2026-03-09
1674,2027-04-15
1673,2026-05-11
1672,2027-04-24
1671,2027-01-15
1670,2027-02-04
1669,2026-02-19
1668,2026-12-27
1667,2025-11-26
1666,2026-08-25
1665,2025-07-18
1664,2026-08-20
1663,2025-11-07
1662,2026-04-10
1661,2026-10-06
1660,2026-11-26
1659,2025-08-06
1658,2025-08-23
1657,2026-05-08
1656,2027-04-27
1655,2026-11-22
1654,2025-07-29
1653,2026-03-14
1652,2025-07-30
1651,2027-05-15
1650,2026-10-28
1649,2026-05-26
1648,2026-02-21
1647,2027-01-17
1646,2025-12-19
1645,2026-02-16
1644,2026-10-15
1643,2027-01-11
1642,2027-03-12
1641,2026-04-20
1640,2027-06-22
1639,2026-07-11
1638,2026-04-07
1637,2026-09-19
1636,2026-07-24
1635,2025-11-16
1634,2027-01-01
1633,2025-09-06
1632,2026-06-24
1631,2027-02-18
1630,2026-04-09
1629,2026-11-13
1628,2025-08-17
1627,2026-05-12
1626,2026-10-27
1625,2026-10-25
1624,2026-05-05
1623,2026-02-19
1622,2026-08-09
1621,2026-06-10
1620,2026-08-12
1619,2027-02-17
1618,2025-09-06
1617,2025-09-22
1616,2026-11-03
1615,2025-12-30
1614,2026-05-18
1613,2027-05-12
1612,2025-09-08
1611,2026-08-06
1610,2027-03-12
1609,2026-10-20
1608,2025-11-30
1607,2026-09-16
1606,2026-05-31
1605,2027-01-20
1604,2025-11-29
1603,2026-08-04
1602,2026-12-05
1601,2026-03-26
1600,2026-10-11
1599,2026-05-03
1598,2026-12-10
1597,2026-12-03
1596,2027-02-09
1595,2027-02-01
1594,2025-10-26
1593,2025-07-26
1592,2026-05-30
1591,2027-03-21
1590,2027-03-08
1589,2026-12-30
1588,2026-01-17
1587,2026-10-15
1586,2026-11-13
1585,2026-05-21
1584,2026-08-25
1583,2027-04-25
1582,2026-02-09
1581,2025-10-14
1580,2026-04-14
1579,2025-08-20
1578,2026-06-20
1577,2026-10-24
1576,2027-01-17
1575,2026-06-20
1574,2026-07-22
1573,2027-03-15
1572,2027-05-03
1571,2027-01-27
1570,2026-05-23
1569,2025-07-30
1568,2027-04-16
1567,2027-06-27
1566,2027-01-24
1565,2026-07-01
1564,2027-02-03
1563,2025-10-09
1562,2027-01-28
1561,2026-04-16
1560,2025-07-25
1559,2025-08-24
1558,2026-03-23
1557,2027-06-22
1556,2026-06-22
1555,2026-05-20
1554,2027-02-10
1553,2027-02-23
1552,2026-08-05
1551,2027-04-02
1550,2026-04-04
1549,2027-02-12
1548,2027-01-08
1547,2026-06-05
1546,2027-06-05
1545,2027-02-07
1544,2025-12-11
1543,2026-07-21
1542,2026-08-04
1541,2025-10-24
1540,2026-07-27
1539,2025-07-27
1538,2025-07-08
1537,2025-11-26
1536,2025-07-06
1535,2025-11-16
1534,2027-05-20
1533,2027-02-02
1532,2026-05-21
1531,2026-07-27
1530,2026-04-20
1529,2026-08-05
1528,2026-10-11
1527,2025-09-15
1526,2026-07-07
1525,2026-01-15
1524,2027-04-09
1523,2025-08-31
1522,2026-05-19
1521,2026-06-25
1520,2025-11-22
1519,2027-03-10
1518,2025-09-13
1517,2026-08-15
1516,2027-02-06
1515,2026-09-23
1514,2027-04-13
1513,2027-05-30
1512,2026-01-06
1511,2025-11-18
1510,2025-12-25
1509,2025-07-03
1508,2026-04-05
1507,2026-03-19
1506,2026-10-13
1505,2027-06-21
1504,2027-02-04
1503,2026-03-16
1502,2026-12-09
1501,2025-12-28
1500,2025-08-01
1499,2026-06-08
1498,2025-12-27
1497,2027-05-29
1496,2026-02-18
1495,2025-11-17
1494,2026-05-28
1493,2027-04-20
1492,2026-05-27
1491,2027-02-05
1490,2026-05-24
1489,2026-09-13
1488,2025-07-18
1487,2026-09-03
1486,2025-09-22
1485,2026-05-23
1484,2026-11-26
1483,2027-04-29
1482,2026-06-08
1481,2026-03-30
1480,2026-11-03
1479,2026-11-18
1478,2026-03-17
1477,2027-06-09
1476,2026-02-19
1475,2026-06-12
1474,2025-10-15
1473,2027-04-02
1472,2027-01-27
1471,2027-03-21
1470,2025-07-25
1469,2026-12-28
1468,2026-08-05
1467,2026-11-25
1466,2027-04-24
1465,2025-09-19
1464,2025-08-05
1463,2026-02-21
1462,2025-08-31
1461,2026-07-25
1460,2027-01-13
1459,2025-12-09
1458,2025-08-21
1457,2027-03-09
1456,2026-05-01
1455,2027-03-14
1454,2026-07-09
1453,2027-04-12
1452,2025-10-06
1451,2026-04-03
1450,2026-07-25
1449,2027-06-09
1448,2025-09-24
1447,2025-07-30
1446,2027-05-20
1445,2026-06-03
1444,2027-06-10
1443,2025-10-03
1442,2026-03-21
1441,2026-10-20
1440,2025-08-05
1439,2027-04-05
1438,2026-09-18
1437,2025-08-28
1436,2025-09-15
1435,2026-07-03
1434,2025-12-08
1433,2026-07-29
1432,2025-12-26
1431,2025-12-20
1430,2027-04-25
1429,2027-02-18
1428,2026-07-10
1427,2025-10-20
1426,2026-09-20
1425,2027-05-14
1424,2025-07-27
1423,2027-01-12
1422,2025-11-10
1421,2027-06-27
1420,2026-07-08
1419,2025-12-07
1418,2026-10-17
1417,2026-09-25
1416,2025-09-28
1415,2025-07-07
1414,2027-03-29
1413,2025-11-25
1412,2026-12-11
1411,2027-02-28
1410,2026-06-15
1409,2026-12-27
1408,2025-10-22
1407,2026-08-01
1406,2026-05-01
1405,2026-11-22
1404,2027-05-10
1403,2027-05-19
1402,2025-10-22
1401,2027-06-12
1400,2026-08-29
1399,2026-09-03
1398,2026-07-19
1397,2026-07-06
1396,2027-01-01
1395,2026-07-23
1394,2026-09-28
1393,2027-05-16
1392,2026-08-12
1391,2026-04-12
1390,2026-09-28
1389,2027-06-23
1388,2025-12-28
1387,2025-09-02
1386,2027-02-14
1385,2027-05-17
1384,2026-06-09
1383,2026-08-22
1382,2026-02-16
1381,2026-05-19
1380,2025-12-10
1379,2025-10-13
1378,2025-12-09
1377,2026-03-26
1376,2025-11-11
1375,2026-05-12
1374,2027-03-24
1373,2026-10-16
1372,2026-05-12
1371,2025-08-25
1370,2027-03-21
1369,2026-07-04
1368,2025-07-19
1367,2026-01-04
1366,2025-09-17
1365,2026-07-19
1364,2025-11-01
1363,2026-01-26
1362,2026-02-05
1361,2026-08-01
1360,2026-06-03
1359,2026-08-29
1358,2026-05-17
1357,2027-01-25
1356,2026-09-11
1355,2026-12-27
1354,2025-11-04
1353,2027-06-20
1352,2027-06-19
1351,2025-09-27
1350,2026-03-28
1349,2025-08-01
1348,2027-03-17
1347,2026-10-26
1346,2025-07-24
1345,2027-05-02
1344,2025-07-03
1343,2027-01-31
1342,2026-03-12
1341,2026-05-13
1340,2026-01-12
1339,2026-06-23
1338,2025-11-23
1337,2026-09-12
1336,2026-01-10
1335,2026-12-28
1334,2025-11-05
1333,2027-02-23
1332,2027-06-20
1331,2025-08-28
1330,2026-09-16
1329,2027-04-27
1328,2027-01-31
1327,2027-03-16
1326,2026-10-16
1325,2027-02-15
1324,2027-05-03
1323,2027-02-04
1322,2026-05-15
1321,2026-09-19
1320,2026-08-05
1319,2026-01-23
1318,2026-04-10
1317,2025-10-09
1316,2026-02-26
1315,2027-02-22
1314,2026-11-26
1313,2026-01-07
1312,2026-04-13
1311,2027-03-27
1310,2026-02-25
1309,2026-03-16
1308,2026-05-26
1307,2026-03-01
1306,2026-04-18
1305,2025-09-19
1304,2027-05-15
1303,2025-12-12
1302,2027-04-20
1301,2026-02-12
1300,2026-01-18
1299,2027-05-26
1298,2027-06-08
1297,2026-09-27
1296,2026-02-16
1295,2025-07-26
1294,2025-12-04
1293,2027-01-22
1292,2026-08-08
1291,2027-01-30
1290,2026-12-23
1289,2026-08-19
1288,2026-01-06
1287,2026-07-07
1286,2026-02-27
1285,2026-07-07
1284,2027-02-07
1283,2026-05-30
1282,2026-07-15
1281,2026-04-10
1280,2025-06-30
1279,2027-03-07
1278,2025-10-22
1277,2025-07-10
1276,2025-11-14
1275,2026-03-15
1274,2027-05-30
1273,2025-08-30
1272,2027-05-06
1271,2026-08-12
1270,2026-08-29
1269,2027-05-25
1268,2027-06-09
1267,2026-02-03
1266,2027-06-07
1265,2026-05-25
1264,2026-07-20
1263,2025-12-09
1262,2026-08-04
1261,2026-10-24
1260,2025-11-24
1259,2027-02-21
1258,2027-02-08
1257,2025-07-19
1256,2026-09-18
1255,2026-04-15
1254,2026-02-22
1253,2025-11-18
1252,2025-07-09
1251,2025-10-27
1250,2026-11-21
1249,2025-09-24
1248,2026-01-20
1247,2027-01-29
1246,2026-01-12
1245,2026-11-20
1244,2026-06-12
1243,2026-08-17
1242,2027-01-23
1241,2026-10-25
1240,2027-02-05
1239,2025-11-12
1238,2026-09-28
1237,2025-12-04
1236,2026-05-31
1235,2025-09-09
1234,2026-06-28
1233,2026-05-16
1232,2027-01-15
1231,2026-12-08
1230,2025-12-08
1229,2026-10-25
1228,2025-10-26
1227,2026-11-16
1226,2027-06-09
1225,2026-02-26
1224,2026-09-24
1223,2025-11-24
1222,2026-10-31
1221,2026-02-28
1220,2025-10-31
1219,2026-09-06
1218,2026-01-15
1217,2026-09-27
1216,2027-01-19
1215,2025-08-21
1214,2027-06-08
1213,2027-01-31
1212,2025-07-11
1211,2026-11-19
1210,2025-07-23
1209,2026-06-14
1208,2027-04-22
1207,2027-05-10
1206,2026-07-28
1205,2027-02-26
1204,2026-11-03
1203,2026-05-24
1202,2026-03-28
1201,2026-11-19
1200,2027-04-10
1199,2025-10-14
1198,2027-01-26
1197,2026-01-25
1196,2025-07-05
1195,2027-03-04
1194,2027-01-09
1193,2026-12-12
1192,2025-07-07
1191,2027-05-27
1190,2026-04-20
1189,2027-02-20
1188,2027-03-12
1187,2027-04-09
1186,2025-10-30
1185,2025-07-01
1184,2026-07-24
1183,2026-09-08
1182,2026-07-17
1181,2026-06-24
1180,2026-10-31
1179,2027-02-11
1178,2025-07-10
1177,2026-08-17
1176,2026-07-22
1175,2026-07-30
1174,2026-06-07
1173,2026-12-26
1172,2027-04-16
1171,2026-03-22
1170,2026-05-16
1169,2027-04-25
1168,2025-10-12
1167,2026-03-18
1166,2025-10-13
1165,2026-03-14
1164,2026-11-09
1163,2027-02-12
1162,2026-02-01
1161,2026-09-01
1160,2026-04-26
1159,2026-06-07
1158,2027-01-07
1157,2027-05-24
1156,2025-08-29
1155,2025-09-16
1154,2026-01-10
1153,2026-10-12
1152,2026-04-26
1151,2026-10-12
1150,2025-11-18
1149,2026-12-15
1148,2025-12-08
1147,2025-09-15
1146,2026-06-19
1145,2027-05-16
1144,2026-09-02
1143,2025-12-28
1142,2027-06-22
1141,2026-02-26
1140,2026-05-18
1139,2026-12-08
1138,2026-04-30
1137,2027-04-19
1136,2027-03-09
1135,2027-03-07
1134,2027-04-01
1133,2026-04-07
1132,2025-10-24
1131,2026-11-29
1130,2026-12-20
1129,2027-04-21
1128,2025-10-23
1127,2026-12-27
1126,2026-05-06
1125,2025-08-16
1124,2026-05-23
1123,2026-08-11
1122,2026-03-01
1121,2027-04-04
1120,2027-02-14
1119,2026-09-02
1118,2026-10-13
1117,2026-08-27
1116,2026-08-01
1115,2025-08-01
1114,2027-03-28
1113,2026-12-03
1112,2026-12-19
1111,2026-11-13
1110,2026-04-29
1109,2027-02-02
1108,2026-10-24
1107,2026-06-12
1106,2026-05-26
1105,2027-06-22
1104,2026-06-20
1103,2027-05-23
1102,2025-12-06
1101,2026-11-27
1100,2026-09-15
1099,2025-11-08
1098,2026-01-09
1097,2026-06-01
1096,2025-12-18
1095,2025-07-17
1094,2025-07-19
1093,2025-12-24
1092,2027-05-06
1091,2025-10-14
1090,2027-03-14
1089,2026-04-12
1088,2025-09-17
1087,2027-06-02
1086,2026-05-22
1085,2026-02-03
1084,2027-05-01
1083,2026-05-20
1082,2025-07-31
1081,2026-11-03
1080,2026-05-23
1079,2025-12-03
1078,2026-02-04
1077,2026-04-08
1076,2026-11-26
1075,2027-06-17
1074,2025-12-30
1073,2027-01-31
1072,2026-07-14
1071,2027-05-26
1070,2025-10-13
1069,2026-08-23
1068,2026-11-08
1067,2026-08-17
1066,2027-02-04
1065,2026-11-12
1064,2026-06-01
1063,2025-07-21
1062,2025-07-18
1061,2025-09-03
1060,2026-03-09
1059,2026-12-11
1058,2027-01-18
1057,2026-02-18
1056,2026-11-14
1055,2026-10-08
1054,2025-10-16
1053,2026-08-30
1052,2025-07-21
1051,2025-07-31
1050,2027-05-06
1049,2026-05-31
1048,2026-02-02
1047,2025-09-03
1046,2025-11-29
1045,2026-09-30
1044,2027-03-17
1043,2025-11-01
1042,2026-02-27
1041,2025-08-24
1040,2025-07-28
1039,2027-04-24
1038,2026-10-27
1037,2026-05-04
1036,2026-10-12
1035,2026-10-08
1034,2025-12-29
1033,2025-10-08
1032,2027-02-09
1031,2026-10-12
1030,2027-01-13
1029,2026-03-26
1028,2025-09-22
1027,2025-08-06
1026,2027-06-16
1025,2025-11-12
1024,2027-05-24
1023,2027-06-14
1022,2026-02-08
1021,2026-03-29
1020,2027-06-16
1019,2026-11-19
1018,2026-09-06
1017,2027-05-15
1016,2027-01-31
1015,2025-08-27
1014,2026-05-04
1013,2027-03-07
1012,2026-05-13
1011,2026-02-10
1010,2026-10-14
1009,2026-08-28
1008,2027-02-22
1007,2026-08-19
1006,2025-12-20
1005,2027-03-14
1004,2027-05-04
1003,2026-04-24
1002,2026-08-06
1001,2027-01-21
1000,2026-06-08
999,2026-09-09
998,2027-06-02
997,2026-05-11
996,2026-08-06
995,2026-05-23
994,2026-11-28
993,2027-05-11
992,2026-11-03
991,2025-07-16
990,2025-11-10
989,2027-05-11
988,2025-09-22
987,2027-01-22
986,2026-11-28
985,2026-11-05
984,2026-06-17
983,2026-01-19
982,2026-11-19
981,2025-08-28
980,2025-09-19
979,2025-11-17
978,2025-07-22
977,2026-01-24
976,2027-01-25
975,2025-11-26
974,2026-03-13
973,2026-10-03
972,2026-10-05
971,2027-06-11
970,2026-08-21
969,2026-09-13
968,2026-09-21
967,2027-03-04
966,2025-07-30
965,2025-08-12
964,2026-08-10
963,2027-02-12
962,2026-09-02
961,2025-11-22
960,2025-09-21
959,2026-09-04
958,2026-12-29
957,2026-05-06
956,2027-06-28
955,2027-01-27
954,2026-02-11
953,2027-06-04
952,2025-12-03
951,2026-06-21
950,2025-07-11
949,2027-03-25
948,2026-06-20
947,2027-04-08
946,2027-02-13
945,2025-07-23
944,2027-03-17
943,2027-04-20
942,2025-09-03
941,2025-08-29
940,2026-02-24
939,2025-10-26
938,2026-05-06
937,2026-09-28
936,2027-01-17
935,2026-07-18
934,2026-10-16
933,2026-04-14
932,2027-04-07
931,2025-08-20
930,2026-05-06
929,2026-07-25
928,2026-08-16
927,2027-05-17
926,2025-09-27
925,2025-12-20
924,2026-07-24
923,2026-07-15
922,2026-03-25
921,2026-08-25
920,2026-08-24
919,2026-11-18
918,2027-06-15
917,2025-12-25
916,2025-12-14
915,2027-01-25
914,2025-10-11
913,2026-03-21
912,2025-11-27
911,2025-10-22
910,2026-06-15
909,2027-02-09
908,2026-11-27
907,2027-05-21
906,2025-10-24
905,2027-02-22
904,2026-09-14
903,2026-03-19
902,2027-03-03
901,2026-09-07
900,2026-12-09
899,2027-01-11
898,2026-04-14
897,2027-02-11
896,2026-03-17
895,2025-10-26
894,2025-11-09
893,2026-11-10
892,2026-07-02
891,2026-08-02
890,2026-01-09
889,2027-06-11
888,2025-08-03
887,2026-09-12
886,2027-03-25
885,2026-03-29
884,2026-11-13
883,2026-11-12
882,2026-01-10
881,2027-01-16
880,2027-04-20
879,2026-11-23
878,2027-01-17
877,2026-05-11
876,2025-11-08
875,2025-08-13
874,2027-03-25
873,2026-06-17
872,2025-07-20
871,2026-10-01
870,2027-02-24
869,2026-03-05
868,2026-11-19
867,2026-08-15
866,2025-08-11
865,2025-07-25
864,2026-04-24
863,2026-10-25
862,2027-06-21
861,2026-04-11
860,2025-09-26
859,2027-01-23
858,2025-09-18
857,2025-07-11
856,2026-06-08
855,2026-02-11
854,2025-08-16
853,2027-06-08
852,2026-07-20
851,2025-11-26
850,2027-03-22
849,2025-07-10
848,2025-09-29
847,2026-02-09
846,2026-12-03
845,2026-02-13
844,2026-06-29
843,2026-10-23
842,2026-02-21
841,2026-08-06
840,2025-11-29
839,2027-06-01
838,2025-07-25
837,2025-09-27
836,2026-07-06
835,2025-08-28
834,2026-01-16
833,2026-06-20
832,2026-08-31
831,2027-01-10
830,2026-04-28
829,2026-01-06
828,2026-11-03
827,2026-01-01
826,2025-10-13
825,2026-10-28
824,2025-07-22
823,2026-05-27
822,2026-09-28
821,2025-12-08
820,2027-01-12
819,2026-02-24
818,2025-09-26
817,2027-03-19
816,2025-10-04
815,2026-03-22
814,2025-09-13
813,2025-07-17
812,2026-10-14
811,2027-01-01
810,2026-10-03
809,2026-08-15
808,2026-05-09
807,2026-06-14
806,2025-09-29
805,2026-03-30
804,2027-01-20
803,2026-10-30
802,2027-04-28
801,2025-10-26
800,2026-07-27
799,2026-01-29
798,2026-02-19
797,2026-04-14
796,2026-10-30
795,2026-08-17
794,2026-02-22
793,2027-02-01
792,2026-07-26
791,2026-11-17
790,2026-01-17
789,2027-06-23
788,2026-01-04
787,2025-12-17
786,2025-10-23
785,2026-10-29
784,2025-11-15
783,2026-04-10
782,2027-05-02
781,2026-08-18
780,2025-10-23
779,2027-03-03
778,2027-03-13
777,2026-10-29
776,2027-06-16
775,2025-12-21
774,2026-10-21
773,2026-09-30
772,2027-05-12
771,2026-01-08
770,2026-09-27
769,2026-11-17
768,2027-01-25
767,2026-04-09
766,2026-11-03
765,2026-06-27
764,2026-10-01
763,2027-04-17
762,2026-02-10
761,2026-02-18
760,2025-10-28
759,2026-02-07
758,2027-05-24
757,2026-05-03
756,2025-11-09
755,2027-03-05
754,2025-09-10
753,2025-10-12
752,2026-01-23
751,2025-07-19
750,2026-11-14
749,2025-08-26
748,2027-02-25
747,2025-10-30
746,2026-12-07
745,2027-04-27
744,2027-05-02
743,2026-07-06
742,2026-05-16
741,2026-07-07
740,2025-11-25
739,2027-06-20
738,2026-08-30
737,2026-08-01
736,2026-05-21
735,2025-10-20
734,2026-05-28
733,2025-12-07
732,2027-02-25
731,2027-06-15
730,2026-12-02
729,2025-07-28
728,2025-07-13
727,2025-07-23
726,2025-12-15
725,2025-08-09
724,2026-08-09
723,2025-12-27
722,2026-03-20
721,2026-11-19
720,2026-09-29
719,2026-06-17
718,2025-12-20
717,2026-02-09
716,2027-03-12
715,2026-12-16
714,2025-08-15
713,2026-02-05
712,2025-10-04
711,2026-04-30
710,2025-09-19
709,2026-08-08
708,2026-08-25
707,2026-10-21
706,2025-10-29
705,2027-04-06
704,2027-03-12
703,2026-08-07
702,2025-10-21
701,2027-05-16
700,2025-09-23
699,2025-07-10
698,2027-06-22
697,2026-06-14
696,2026-12-04
695,2025-10-18
694,2027-03-01
693,2027-06-02
692,2026-06-26
691,2026-08-20
690,2026-03-20
689,2027-04-28
688,2026-01-30
687,2026-11-16
686,2025-08-14
685,2026-02-11
684,2027-06-15
683,2026-03-07
682,2027-03-05
681,2026-05-09
680,2026-11-24
679,2026-02-20
678,2027-05-31
677,2027-03-19
676,2027-01-20
675,2026-01-05
674,2026-03-01
673,2027-01-20
672,2026-07-07
671,2026-09-07
670,2025-07-28
669,2027-05-08
668,2026-04-19
667,2027-06-27
666,2025-09-26
665,2026-08-23
664,2026-11-09
663,2026-10-01
662,2027-06-08
661,2026-09-23
660,2026-03-22
659,2026-02-23
658,2026-06-14
657,2026-10-25
656,2027-06-12
655,2025-12-29
654,2027-03-23
653,2027-01-10
652,2027-04-11
651,2026-07-12
650,2027-06-06
649,2025-10-06
648,2025-09-28
647,2025-07-01
646,2025-07-08
645,2027-01-31
644,2026-03-13
643,2026-07-10
642,2025-12-06
641,2026-05-04
640,2025-11-13
639,2026-08-30
638,2026-09-26
637,2027-04-06
636,2025-09-28
635,2025-09-23
634,2026-05-10
633,2027-04-30
632,2025-07-29
631,2026-08-11
630,2025-09-01
629,2026-01-09
628,2026-06-21
627,2027-01-26
626,2025-11-26
625,2026-03-12
624,2026-04-10
623,2025-12-29
622,2025-11-13
621,2027-04-11
620,2027-02-26
619,2026-11-17
618,2027-04-18
617,2026-12-31
616,2025-08-27
615,2026-05-15
614,2026-11-01
613,2026-02-26
612,2027-03-29
611,2025-11-05
610,2027-05-09
609,2026-05-20
608,2026-09-26
607,2027-06-27
606,2026-10-08
605,2026-05-19
604,2026-02-01
603,2025-12-12
602,2026-06-08
601,2026-03-19
600,2026-10-23
599,2027-04-13
598,2026-03-17
597,2025-07-04
596,2026-10-11
595,2026-07-15
594,2026-08-09
593,2025-10-30
592,2026-07-15
591,2026-07-20
590,2026-01-21
589,2025-08-03
588,2026-05-09
587,2025-12-22
586,2027-05-28
585,2025-11-18
584,2026-07-10
583,2026-06-16
582,2026-10-05
581,2026-11-30
580,2027-06-27
579,2027-02-12
578,2027-03-09
577,2027-04-17
576,2025-08-13
575,2026-03-28
574,2025-10-11
573,2026-04-03
572,2027-04-11
571,2026-06-05
570,2026-07-02
569,2025-09-11
568,2027-03-16
567,2026-12-18
566,2026-07-17
565,2025-12-01
564,2026-03-20
563,2027-06-05
562,2026-12-18
561,2026-09-09
560,2025-11-19
559,2027-05-17
558,2026-07-24
557,2026-02-12
556,2026-05-15
555,2026-01-18
554,2025-08-19
553,2027-03-28
552,2026-04-20
551,2025-11-10
550,2026-12-12
549,2026-10-23
548,2025-11-26
547,2025-08-07
546,2026-10-03
545,2026-07-27
544,2026-02-17
543,2025-12-08
542,2026-12-31
541,2025-07-11
540,2026-02-04
539,2025-12-08
538,2025-07-13
537,2025-10-19
536,2027-01-13
535,2026-01-11
534,2026-03-06
533,2026-06-09
532,2026-03-19
531,2025-07-18
530,2026-01-08
529,2027-04-05
528,2026-10-29
527,2027-03-19
526,2026-11-25
525,2025-11-16
524,2026-06-11
523,2027-06-13
522,2026-04-02
521,2027-01-25
520,2027-04-01
519,2026-01-08
518,2025-07-23
517,2025-08-24
516,2027-01-18
515,2027-02-03
514,2025-10-27
513,2025-12-09
512,2026-03-11
511,2026-06-06
510,2026-10-18
509,2027-01-02
508,2026-09-02
507,2026-04-09
506,2026-11-12
505,2026-03-28
504,2026-08-29
503,2026-07-25
502,2026-07-15
501,2027-05-13
500,2026-08-13
499,2025-08-31
498,2026-08-30
497,2026-06-21
496,2026-11-16
495,2025-08-07
494,2026-12-11
493,2026-08-04
492,2027-01-17
491,2026-04-28
490,2026-05-29
489,2027-06-01
488,2025-09-08
487,2025-07-14
486,2027-01-05
485,2025-10-01
484,2025-11-09
483,2026-09-15
482,2026-05-01
481,2027-03-27
480,2026-09-23
479,2026-01-24
478,2025-07-21
477,2026-11-18
476,2027-03-08
475,2027-01-16
474,2027-05-22
473,2026-07-24
472,2025-12-03
471,2026-01-12
470,2026-12-27
469,2026-02-13
468,2026-07-21
467,2026-03-21
466,2027-05-29
465,2026-05-20
464,2025-07-27
463,2027-04-14
462,2025-12-31
461,2025-12-24
460,2026-02-18
459,2026-07-14
458,2025-12-15
457,2025-08-07
456,2026-04-03
455,2027-01-12
454,2026-05-09
453,2026-05-21
452,2026-03-29
451,2026-06-21
450,2026-07-13
449,2025-12-18
448,2027-02-17
447,2026-01-30
446,2026-10-01
445,2026-07-05
444,2026-08-24
443,2026-03-02
442,2026-08-05
441,2027-05-25
440,2025-12-26
439,2026-06-20
438,2025-07-12
437,2027-03-09
436,2026-09-13
435,2025-10-27
434,2025-12-13
433,2027-03-22
432,2025-12-26
431,2026-11-30
430,2025-07-19
429,2026-02-21
428,2026-08-12
427,2026-02-28
426,2025-08-10
425,2027-05-07
424,2027-04-21
423,2025-10-07
422,2027-01-23
421,2027-05-26
420,2026-05-21
419,2026-11-12
418,2026-09-26
417,2026-06-22
416,2027-05-23
415,2026-11-10
414,2027-01-26
413,2027-06-28
412,2026-09-11
411,2025-12-17
410,2027-01-03
409,2027-03-08
408,2026-02-11
407,2027-04-28
406,2025-12-31
405,2027-03-07
404,2027-01-31
403,2026-04-13
402,2026-01-30
401,2026-09-12
400,2026-12-03
399,2027-06-16
398,2027-05-11
397,2025-08-01
396,2026-02-02
395,2026-06-16
394,2026-11-29
393,2026-02-08
392,2026-06-30
391,2026-08-27
390,2026-09-24
389,2026-06-29
388,2026-02-24
387,2027-02-21
386,2026-02-15
385,2027-01-07
384,2026-05-09
383,2026-12-05
382,2026-05-03
381,2025-11-12
380,2026-09-19
379,2026-01-09
378,2026-04-14
377,2026-07-06
376,2026-05-11
375,2027-06-05
374,2027-03-15
373,2027-02-17
372,2026-05-03
371,2025-09-10
370,2025-10-08
369,2026-01-31
368,2026-06-26
367,2025-11-04
366,2027-06-27
365,2025-07-04
364,2027-01-02
363,2026-04-02
362,2026-07-20
361,2027-02-17
360,2026-11-07
359,2025-10-18
358,2026-03-31
357,2027-05-21
356,2027-03-02
355,2026-03-01
354,2027-04-26
353,2025-11-16
352,2025-11-03
351,2027-02-09
350,2027-05-21
349,2026-01-15
348,2026-12-02
347,2025-10-06
346,2025-08-06
345,2027-02-28
344,2026-07-25
343,2026-10-31
342,2025-09-15
341,2026-07-13
340,2025-07-04
339,2026-05-10
338,2026-07-27
337,2026-12-30
336,2026-07-27
335,2026-01-21
334,2026-05-30
333,2027-02-21
332,2026-05-20
331,2026-02-28
330,2027-06-04
329,2025-10-19
328,2026-02-18
327,2027-03-06
326,2027-01-31
325,2027-02-25
324,2026-07-25
323,2026-10-12
322,2027-02-28
321,2027-01-31
320,2025-09-07
319,2025-12-11
318,2026-11-03
317,2027-02-24
316,2026-04-15
315,2025-12-16
314,2025-12-20
313,2025-11-16
312,2026-08-25
311,2026-07-16
310,2027-06-21
309,2025-10-18
308,2026-04-15
307,2026-08-09
306,2025-12-08
305,2026-11-28
304,2027-04-23
303,2027-02-28
302,2026-10-18
301,2026-03-08
300,2026-10-19
299,2026-01-16
298,2027-03-09
297,2025-07-27
296,2027-05-21
295,2026-06-18
294,2026-08-09
293,2026-06-03
292,2026-08-17
291,2027-04-07
290,2026-08-25
289,2026-03-01
288,2027-03-19
287,2026-12-27
286,2025-10-20
285,2026-04-17
284,2025-08-01
283,2027-01-19
282,2025-12-29
281,2026-10-02
280,2027-02-07
279,2026-04-02
278,2025-10-03
277,2027-04-05
276,2027-01-10
275,2027-06-18
274,2026-06-01
273,2025-10-20
272,2026-08-13
271,2027-03-06
270,2027-01-22
269,2025-11-25
268,2027-03-20
267,2026-12-18
266,2026-06-21
265,2026-05-21
264,2026-08-25
263,2026-07-18
262,2026-05-19
261,2026-03-23
260,2026-05-26
259,2026-08-23
258,2026-06-27
257,2026-03-15
256,2025-07-24
255,2025-10-24
254,2026-04-12
253,2025-08-09
252,2027-03-19
251,2025-11-18
250,2026-01-07
249,2027-03-28
248,2026-07-06
247,2026-11-27
246,2026-07-18
245,2026-07-28
244,2026-09-09
243,2025-11-13
242,2026-01-01
241,2026-06-20
240,2027-06-16
239,2026-02-05
238,2026-11-11
237,2027-01-15
236,2027-06-24
235,2027-02-21
234,2025-09-03
233,2026-01-17
232,2025-09-05
231,2025-09-28
230,2027-01-26
229,2026-12-01
228,2026-11-25
227,2026-12-09
226,2027-01-16
225,2027-05-24
224,2025-08-31
223,2025-07-28
222,2025-11-19
221,2027-01-27
220,2027-04-04
219,2027-03-23
218,2025-08-25
217,2025-12-16
216,2027-03-09
215,2027-06-23
214,2026-11-29
213,2026-11-29
212,2027-06-11
211,2027-06-02
210,2027-06-10
209,2025-10-21
208,2026-03-08
207,2026-04-10
206,2026-02-27
205,2027-01-04
204,2026-01-05
203,2026-01-27
202,2027-05-21
201,2026-10-13
200,2026-12-02
199,2026-06-04
198,2027-03-19
197,2025-07-30
196,2026-06-12
195,2026-07-15
194,2027-02-09
193,2027-06-08
192,2026-07-27
191,2027-04-24
190,2025-11-06
189,2026-03-22
188,2026-03-02
187,2025-08-05
186,2027-02-20
185,2025-09-09
184,2026-02-22
183,2026-10-22
182,2027-04-18
181,2026-11-17
180,2026-02-08
179,2027-05-31
178,2026-08-03
177,2026-01-16
176,2026-10-25
175,2026-11-08
174,2027-06-14
173,2026-02-22
172,2026-11-14
171,2026-04-17
170,2026-12-01
169,2026-02-24
168,2025-10-17
167,2026-05-24
166,2026-02-08
165,2026-06-05
164,2025-08-13
163,2026-11-21
162,2027-04-23
161,2026-01-23
160,2027-05-20
159,2027-04-10
158,2026-12-05
157,2026-01-08
156,2026-08-20
155,2027-03-13
154,2026-02-14
153,2027-02-14
152,2025-10-12
151,2026-03-08
150,2027-03-30
149,2027-01-25
148,2027-01-15
147,2025-07-08
146,2027-06-26
145,2025-08-07
144,2026-07-31
143,2026-11-09
142,2025-08-05
141,2026-12-22
140,2026-03-30
139,2027-03-16
138,2025-10-13
137,2025-12-07
136,2027-05-20
135,2025-11-27
134,2026-06-15
133,2025-07-02
132,2026-09-28
131,2027-02-02
130,2025-12-20
129,2025-07-25
128,2025-09-04
127,2027-03-17
126,2026-05-12
125,2026-08-21
124,2027-04-22
123,2026-10-17
122,2027-03-24
121,2026-04-30
120,2027-04-18
119,2026-11-12
118,2027-01-03
117,2025-12-21
116,2026-08-23
115,2026-02-12
114,2026-08-31
113,2026-02-11
112,2025-12-04
111,2026-10-24
110,2026-09-30
109,2025-11-25
108,2026-10-07
107,2026-05-17
106,2026-04-07
105,2025-06-29
104,2026-09-05
103,2026-03-03
102,2026-08-28
101,2026-05-04
100,2026-07-10
99,2026-06-05
98,2025-09-01
97,2025-08-18
96,2027-05-01
95,2026-06-25
94,2026-04-20
93,2026-08-26
92,2026-06-04
91,2025-10-04
90,2026-06-23
89,2026-02-15
88,2027-02-05
87,2026-11-27
86,2027-06-11
85,2027-06-24
84,2026-01-23
83,2026-12-08
82,2027-04-27
81,2025-10-21
80,2026-07-20
79,2026-07-18
78,2026-06-27
77,2026-11-24
76,2027-06-06
75,2026-09-07
74,2025-10-08
73,2026-07-08
72,2025-12-12
71,2026-11-22
70,2025-09-19
69,2025-12-11
68,2027-06-25
67,2026-08-10
66,2026-05-29
65,2026-03-11
64,2025-11-02
63,2027-01-12
62,2027-02-25
61,2026-12-30
60,2026-03-19
59,2026-08-09
58,2026-01-17
57,2025-11-04
56,2026-04-16
55,2026-09-28
54,2025-10-03
53,2025-12-29
52,2026-01-12
51,2026-08-01
50,2026-10-17
49,2026-04-05
48,2027-01-08
47,2026-08-29
46,2025-08-20
45,2026-07-08
44,2025-07-04
43,2026-01-03
42,2025-12-03
41,2027-04-20
40,2026-10-30
39,2026-10-15
38,2025-08-12
37,2026-11-02
36,2025-07-31
35,2026-11-22
34,2025-07-29
33,2026-12-30
32,2025-10-11
31,2025-08-11
30,2027-01-07
29,2026-06-02
28,2026-06-15
27,2026-09-20
26,2027-04-13
25,2026-03-05
24,2027-02-20
23,2026-04-03
22,2025-12-16
21,2026-08-14
20,2027-03-23
19,2026-07-26
18,2025-07-12
17,2025-10-10
16,2027-06-18
15,2026-04-18
14,2026-03-02
13,2027-05-06
12,2026-03-24
11,2027-04-20
10,2026-12-13
9,2027-01-17
8,2025-09-06
7,2026-02-05
6,2026-11-17
5,2025-12-18
4,2027-02-01
3,2026-11-18
2,2026-10-23
1,2026-04-20
