id,fecha,dni_persona_cliente,dni_persona_recepcionista,monto
1,2025-01-26,49911930,40483555,207.53
2,2025-06-15,22039848,60663810,96.84
3,2025-06-20,75030466,95575112,48.46
4,2025-05-13,31239358,72836970,175.79
5,2025-02-24,40499180,94986642,204.55
6,2025-02-07,34300020,92050216,125.24
7,2025-04-05,91731351,68367134,235.88
8,2025-04-29,42284351,84095686,298.03
9,2025-04-29,99113279,60663810,285.69
10,2025-06-07,34450582,60663810,210.35
11,2025-04-05,70387360,59260460,137.16
12,2025-02-12,74953745,79700365,237.72
13,2025-06-09,92937598,69959035,291.27
14,2025-03-13,80010753,74052381,185.08
15,2025-02-22,61478271,55213470,160.98
16,2025-04-01,45138186,61284804,50.94
17,2025-03-21,49556569,81001783,230.97
18,2025-06-15,17572345,46487705,287.22
19,2025-04-19,79583192,72836970,280.25
20,2025-03-22,33353246,85550838,241.36
21,2025-04-09,46684627,20087633,182.35
22,2025-06-04,52175689,85550838,62.36
23,2025-06-28,18484116,60663810,229.02
24,2025-05-14,32406309,85059196,92.76
25,2025-06-07,94562444,84095686,68.8
26,2025-05-03,67685469,53257757,274.8
27,2025-06-06,71852312,53257757,42.41
28,2025-03-17,42095185,84095686,98.01
29,2025-04-30,66503192,85059196,235.04
30,2025-05-27,27628116,31892556,105.28
31,2025-04-02,45138186,67665892,156.94
32,2025-02-19,86647237,25289714,52.73
33,2025-03-01,32224749,81550829,41.14
34,2025-05-03,46852022,22019123,116.14
35,2025-05-01,21819517,81550829,164.75
36,2025-05-14,10737388,81550829,232.31
37,2025-01-02,73638405,25536844,142.23
38,2025-05-14,63109090,89352645,68.77
39,2025-01-19,70704700,17061113,54.9
40,2025-06-20,61006987,68333054,80.95
41,2025-06-03,79417748,42881519,55.87
42,2025-06-04,80046979,83944119,97.52
43,2025-06-08,86647237,53257757,261.94
44,2025-04-19,57241514,89352645,47.02
45,2025-06-27,86844715,42023992,160.25
46,2025-01-18,73246125,39781020,289.32
47,2025-04-12,22328646,33472311,37.69
48,2025-06-09,15161506,83944119,150.83
49,2025-04-11,97164178,89352645,270.73
50,2025-06-24,81537922,33472311,220.6
51,2025-01-20,44630880,81550829,280.52
52,2025-05-10,24647171,60663810,58.69
53,2025-01-08,20045521,53257757,164.41
54,2025-04-14,34839044,41708733,180.57
55,2025-03-13,28759454,41708733,94.88
56,2025-06-11,81614431,79700365,290.73
57,2025-06-25,26039845,37720792,93.39
58,2025-05-27,51157717,94986642,141.23
59,2025-03-23,25422829,31892556,198.3
60,2025-04-19,75282397,17061113,122.3
61,2025-04-10,53703511,85550838,130.17
62,2025-03-17,71581688,41708733,235.22
63,2025-04-05,24373171,22019123,42.0
64,2025-02-15,79256690,49972085,115.92
65,2025-01-30,42488045,80645867,35.97
66,2025-05-19,48924731,45565143,61.51
67,2025-03-06,92548793,80645867,156.51
68,2025-06-13,11135835,81001783,148.58
69,2025-06-17,24520609,49972085,239.38
70,2025-05-22,93562550,31892556,46.51
71,2025-05-13,73638405,69959035,190.2
72,2025-02-18,35530089,92050216,219.96
73,2025-01-02,88451024,68333054,48.1
74,2025-03-10,81024429,98391320,157.17
75,2025-04-13,62176752,53257757,176.32
76,2025-02-25,23266990,79700365,233.48
77,2025-01-16,23568898,83944119,202.2
78,2025-04-12,54163999,59260460,198.84
79,2025-06-16,56468362,80645867,31.34
80,2025-01-10,35530089,43496230,288.27
81,2025-03-12,95982543,98391320,197.62
82,2025-01-29,92911837,64735878,266.65
83,2025-03-19,26973602,17061113,33.18
84,2025-02-14,23446319,79700365,165.74
85,2025-04-30,69174676,43496230,88.88
86,2025-05-23,77222322,45565143,198.3
87,2025-03-11,63833610,33472311,252.66
88,2025-04-04,85014384,22019123,209.34
89,2025-02-07,75868679,84095686,133.64
90,2025-04-03,58064908,61284804,217.16
91,2025-05-28,62926379,60663810,58.81
92,2025-06-03,79666611,85550838,63.5
93,2025-04-14,39799356,85550838,84.91
94,2025-06-19,70704700,20087633,119.28
95,2025-02-19,79605526,68367134,262.1
96,2025-05-19,81277114,95575112,146.64
97,2025-05-17,66991519,22019123,241.49
98,2025-05-26,61006987,80974491,265.67
99,2025-02-21,12615007,18034966,113.38
100,2025-02-09,75282397,74052381,265.27
101,2025-01-21,85191817,48251892,126.97
102,2025-04-11,79364070,68367134,81.71
103,2025-06-02,34964419,72836970,289.04
104,2025-05-25,74774593,98391320,173.02
105,2025-03-04,42494542,39781020,238.94
106,2025-03-13,21355586,85059196,117.61
107,2025-01-26,62993565,37720792,217.57
108,2025-01-21,50173620,18034966,151.46
109,2025-02-12,95039553,46487705,216.34
110,2025-05-01,95039553,41708733,170.65
111,2025-02-28,97065023,84095686,105.23
112,2025-03-27,90355250,68333054,208.8
113,2025-05-23,97165563,37720792,261.54
114,2025-02-11,11344437,26765730,264.2
115,2025-06-13,24373171,39781020,153.59
116,2025-04-07,87855783,69959035,261.88
117,2025-04-26,38681811,72836970,80.38
118,2024-12-30,67685469,17061113,202.09
119,2025-02-01,98455900,26765730,204.05
120,2025-06-02,67845768,17061113,92.37
121,2024-12-31,92565620,80974491,200.43
122,2025-06-02,70893317,80974491,228.15
123,2025-03-29,97068230,45565143,195.81
124,2025-05-08,11803428,89352645,285.68
125,2025-01-21,41805418,94986642,165.79
126,2025-01-31,24647171,92050216,208.18
127,2025-02-09,14043086,33472311,104.09
128,2025-01-18,81949331,84095686,277.62
129,2024-12-30,81949331,68367134,31.33
130,2025-05-03,27829060,25289714,247.54
131,2025-01-13,95445874,25289714,104.56
132,2025-04-08,68250004,68367134,221.74
133,2025-04-23,56215546,68333054,95.46
134,2025-02-09,41123607,55213470,291.16
135,2025-01-19,29477722,69959035,86.95
136,2025-02-27,37028601,85059196,70.97
137,2025-06-12,33291263,95575112,149.8
138,2025-01-21,72787695,89352645,67.02
139,2025-05-21,33758042,17061113,34.21
140,2025-04-05,66991519,46487705,33.99
141,2025-06-13,17996587,48251892,56.96
142,2025-01-08,46075419,92050216,216.87
143,2025-02-19,42494542,43496230,87.87
144,2025-01-03,52061715,61284804,87.84
145,2025-02-06,79583192,78249006,200.38
146,2025-03-04,44630880,74052381,180.17
147,2025-02-20,18163779,31892556,58.14
148,2025-05-23,79518080,48251892,156.56
149,2025-01-17,18484116,94986642,200.9
150,2025-06-27,42320132,83944119,207.58
151,2025-02-06,61077368,85059196,96.81
152,2025-03-25,56415344,85550838,289.21
153,2025-01-29,42495201,18034966,204.53
154,2025-01-23,71543827,89352645,103.06
155,2025-03-10,21355586,74845783,136.55
156,2025-05-16,21700207,98391320,71.88
157,2025-03-01,66538540,27926480,281.47
158,2025-05-25,94220535,40483555,217.01
159,2025-04-23,41123607,25289714,128.92
160,2025-05-14,20357928,39781020,173.21
161,2025-02-11,23183813,26765730,120.73
162,2025-04-19,90547088,78249006,229.08
163,2025-04-08,49259483,27926480,62.57
164,2025-03-15,59551936,67665892,98.42
165,2025-03-11,91737650,68367134,50.03
166,2025-05-30,87607110,22019123,30.29
167,2025-02-26,36399226,17061113,35.24
168,2025-02-09,20107486,55213470,40.71
169,2025-05-02,75030466,60663810,84.22
170,2025-03-25,93565261,33472311,161.35
171,2024-12-29,11212237,85550838,114.95
172,2025-06-07,67248417,79700365,265.95
173,2025-02-15,88870496,41708733,129.76
174,2025-01-18,85053119,81001783,288.22
175,2024-12-29,81277114,92050216,188.11
176,2025-02-16,93638606,72836970,287.41
177,2025-01-21,64894765,89352645,204.07
178,2025-06-09,39374012,46487705,222.22
179,2025-05-05,51679149,61284804,266.86
180,2025-05-06,71485014,53257757,130.11
181,2025-03-19,82936309,25536844,232.31
182,2025-04-17,98834402,80974491,291.44
183,2025-04-19,69462313,84095686,292.46
184,2025-01-28,92367025,25289714,131.31
185,2025-04-21,84650442,42881519,87.92
186,2025-03-04,23157587,67665892,48.24
187,2025-06-05,77658756,48251892,87.82
188,2025-01-11,87842463,94986642,284.35
189,2025-04-19,32531815,68367134,77.52
190,2025-06-15,95982543,81001783,240.44
191,2025-01-20,16204397,68333054,170.91
192,2025-03-14,87068829,80645867,41.54
193,2025-06-22,98333278,18034966,255.82
194,2025-01-18,65027609,41708733,296.89
195,2025-05-31,65052127,59260460,36.34
196,2025-05-17,67344643,78249006,282.6
197,2025-01-05,20773105,79700365,144.67
198,2025-06-10,70869452,69959035,177.97
199,2025-04-09,91561373,41708733,67.82
200,2025-04-12,15161506,68367134,219.66
201,2025-06-25,88109647,55213470,118.34
202,2025-06-11,59143965,17061113,212.28
203,2025-04-09,50856989,17061113,115.54
204,2025-06-25,62595818,59260460,196.02
205,2025-05-25,97378478,25536844,127.5
206,2025-06-01,61154982,64735878,123.02
207,2025-02-27,22328646,22019123,203.03
208,2025-05-07,12869491,67665892,168.7
209,2025-05-30,27505193,25289714,205.92
210,2025-02-17,76876619,64735878,80.54
211,2025-01-04,21041046,39781020,101.27
212,2025-06-12,78429330,18034966,207.58
213,2025-06-09,27829060,53257757,267.24
214,2025-06-14,20045521,94986642,66.91
215,2025-03-20,59926715,84095686,273.2
216,2025-06-22,63931714,74052381,100.8
217,2025-06-01,92367025,31892556,258.33
218,2025-01-14,11344437,64735878,150.03
219,2025-03-11,11977744,37720792,96.3
220,2025-05-30,68273403,74052381,282.9
221,2025-01-04,29477722,84095686,177.59
222,2025-05-17,20050839,72836970,118.62
223,2025-02-26,17081682,85059196,208.38
224,2025-05-26,37726295,79700365,60.06
225,2025-06-08,94245881,20087633,149.68
226,2025-01-01,86647237,18034966,179.78
227,2025-03-08,73185323,61284804,290.05
228,2025-03-19,18484116,92050216,281.42
229,2025-05-17,69236104,60663810,155.27
230,2025-06-09,31163712,79700365,297.71
231,2025-03-29,17368623,68333054,233.23
232,2025-06-19,11739217,39781020,130.76
233,2025-05-07,38920254,25536844,141.52
234,2025-04-22,98295150,18034966,86.84
235,2025-03-15,31239358,41708733,235.32
236,2025-04-18,34595608,85550838,203.28
237,2025-05-26,73268093,72836970,265.04
238,2025-05-04,93262839,17171039,282.3
239,2025-01-10,70817398,22019123,228.96
240,2025-02-15,71231870,37720792,192.51
241,2025-06-03,64515324,81550829,159.71
242,2025-03-16,78429330,42881519,264.01
243,2025-06-10,81438242,17171039,217.99
244,2024-12-30,56215546,49972085,58.64
245,2024-12-30,91482641,53257757,52.36
246,2025-05-30,19601868,42881519,42.57
247,2025-05-04,57440483,18034966,167.09
248,2025-03-08,83819409,37720792,68.24
249,2025-06-27,37726295,85550838,61.0
250,2025-04-30,39201000,48251892,33.09
251,2025-05-11,54968776,33472311,55.81
252,2025-06-26,95545902,80645867,212.42
253,2025-05-05,21916576,89352645,249.06
254,2025-04-07,92937598,17171039,134.79
255,2025-05-03,94930654,37720792,41.59
256,2025-05-23,89022514,85059196,165.67
257,2025-02-19,64907741,43496230,233.76
258,2025-06-26,73379266,80974491,186.26
259,2025-05-04,97990196,78249006,70.86
260,2025-06-18,86490414,67665892,102.88
261,2025-01-22,11570231,55213470,52.88
262,2025-05-08,11847338,22019123,117.11
263,2024-12-30,93523471,80645867,212.18
264,2025-01-11,22658177,55213470,100.02
265,2025-04-14,99885250,84095686,47.14
266,2025-06-18,54917105,69959035,71.67
267,2025-05-13,15561960,40483555,188.11
268,2025-04-09,92638394,85550838,34.15
269,2025-02-07,60580860,84095686,197.32
270,2025-02-24,40737550,69959035,128.54
271,2025-05-24,92936602,37720792,67.35
272,2025-05-26,15984180,64735878,226.23
273,2025-06-11,58619274,55213470,271.13
274,2025-01-23,73268093,45565143,208.77
275,2025-02-22,68250004,39781020,170.21
276,2025-06-09,31784863,94986642,179.86
277,2025-01-15,52061715,78249006,157.58
278,2025-01-09,87068829,17171039,32.7
279,2025-04-27,14277060,43496230,218.5
280,2025-05-06,49911930,31892556,51.72
281,2025-05-21,82664887,89352645,34.63
282,2025-02-04,41618922,25289714,47.82
283,2025-01-02,94220535,39781020,232.8
284,2025-05-24,49313875,72836970,56.75
285,2025-01-13,70387360,55213470,73.95
286,2025-04-21,43851378,31892556,38.58
287,2025-04-15,45298162,68367134,132.55
288,2025-04-10,55913398,81001783,43.93
289,2025-04-21,11977744,25536844,255.02
290,2025-04-03,48328304,98391320,139.37
291,2025-01-17,33798045,17061113,123.33
292,2025-01-15,23157587,74845783,127.35
293,2025-04-23,89608579,42023992,179.45
294,2025-03-08,48326667,45565143,241.46
295,2025-05-19,74357208,59260460,52.38
296,2025-01-29,79605526,48251892,84.84
297,2025-06-18,53161034,25289714,147.84
298,2025-03-11,74339321,79700365,103.15
299,2025-06-16,18163779,80645867,195.54
300,2025-04-02,66989252,74845783,98.25
301,2025-02-24,61103244,67665892,226.23
302,2024-12-29,92024880,80974491,88.0
303,2025-03-16,97165563,85550838,274.31
304,2025-03-23,14277060,18034966,35.1
305,2025-04-22,91894603,92050216,37.55
306,2025-03-06,90572769,41708733,216.95
307,2025-01-07,85365458,42023992,55.46
308,2025-02-02,98206067,33472311,290.79
309,2025-04-26,38882892,68333054,190.3
310,2025-06-14,21819517,46487705,70.0
311,2025-06-23,57116666,94986642,261.36
312,2025-05-23,39799356,80974491,80.35
313,2025-06-03,83491415,17171039,216.71
314,2025-05-25,21287908,64735878,247.3
315,2025-03-12,98410336,78249006,247.55
316,2025-04-14,44884765,60663810,259.68
317,2025-02-14,51679149,74845783,292.96
318,2025-04-20,33702717,55213470,292.8
319,2025-05-11,84393013,84095686,260.52
320,2025-03-25,69448362,84095686,77.93
321,2025-04-21,78222916,68367134,195.14
322,2025-06-08,51157717,81550829,153.88
323,2025-01-21,52454498,53257757,31.25
324,2025-06-26,50693271,25289714,264.17
325,2025-04-07,87068829,68333054,72.44
326,2025-01-16,94001477,89352645,139.66
327,2025-06-07,50511432,39781020,253.33
328,2025-04-04,83491415,68333054,286.29
329,2025-05-14,71231870,48251892,134.09
330,2025-06-26,41123607,42023992,44.58
331,2025-01-09,79256690,39781020,202.0
332,2025-06-16,23922324,85550838,230.54
333,2025-06-08,88451024,17171039,84.06
334,2025-01-08,71581688,17171039,228.59
335,2025-02-16,10548657,64735878,204.39
336,2025-03-05,81024429,94986642,75.42
337,2025-04-18,19195238,61284804,134.24
338,2025-06-18,43094579,42023992,199.7
339,2025-06-09,78975554,20087633,218.99
340,2025-05-28,22874285,78249006,145.48
341,2025-05-10,70363284,92050216,153.69
342,2025-06-26,33178155,31892556,257.52
343,2025-06-12,25100770,43496230,236.32
344,2025-01-21,35530089,18034966,52.37
345,2025-03-20,54658035,80645867,186.47
346,2025-01-12,75030466,68367134,285.54
347,2025-03-24,88109647,48251892,196.64
348,2025-05-11,84393013,61284804,44.46
349,2025-04-22,87514779,79700365,193.61
350,2025-02-02,34595608,27926480,84.75
351,2025-03-02,81024399,64735878,142.96
352,2025-01-21,60008603,37720792,135.97
353,2025-06-25,93187100,41708733,225.55
354,2025-04-20,10705874,46487705,33.7
355,2025-06-19,67605836,55213470,215.1
356,2025-05-22,17373712,40483555,87.81
357,2025-01-28,10882343,31892556,120.74
358,2025-02-22,62560182,41708733,33.66
359,2025-02-09,94145642,39781020,206.97
360,2025-05-24,59110818,95575112,233.29
361,2025-05-08,79603573,17061113,251.74
362,2025-01-16,20381732,80645867,73.86
363,2025-05-13,62176752,80974491,106.83
364,2025-05-04,26039845,17171039,250.93
365,2025-04-11,46075419,68333054,213.43
366,2025-01-02,57116666,81001783,178.49
367,2025-06-26,11977744,69959035,63.51
368,2025-01-31,60582142,92050216,61.91
369,2025-03-05,40737550,84095686,103.02
370,2025-01-31,44898374,27926480,230.7
371,2025-06-06,26285715,79700365,108.14
372,2025-05-07,23266990,92050216,163.65
373,2025-03-05,39799356,22019123,249.13
374,2025-02-05,95445874,68333054,245.81
375,2025-01-12,19678044,98391320,58.84
376,2025-02-18,97068230,39781020,246.09
377,2025-04-01,73526312,42023992,73.55
378,2025-05-12,22874285,80974491,126.56
379,2025-03-28,17785560,18034966,51.9
380,2025-06-03,93523471,39781020,161.38
381,2025-06-28,85014384,83944119,244.33
382,2025-03-14,18163779,33472311,188.86
383,2025-01-23,30819121,68333054,128.61
384,2025-01-22,85557446,92050216,125.98
385,2025-02-11,36729564,33472311,164.08
386,2025-03-19,44894349,20087633,211.44
387,2025-02-17,19093206,60663810,74.81
388,2025-02-12,40360601,83944119,67.33
389,2025-01-05,10777173,42881519,202.25
390,2025-05-21,75205174,74052381,230.89
391,2025-01-14,71858700,39781020,271.38
392,2025-06-10,81537922,81550829,257.29
393,2025-06-09,24258268,72836970,81.8
394,2025-04-10,25532706,80974491,273.2
395,2025-03-23,66817166,95575112,143.85
396,2025-05-04,35916206,79700365,214.19
397,2025-03-27,90646302,33472311,131.86
398,2025-01-27,53633545,46487705,103.61
399,2025-02-22,84926175,55213470,191.39
400,2025-05-03,95039553,33472311,299.53
401,2025-02-10,38397511,72836970,179.7
402,2025-02-15,17670149,98391320,120.41
403,2025-04-11,91561373,17171039,82.95
404,2025-06-20,10882343,68367134,114.48
405,2025-04-07,32584247,61284804,181.03
406,2025-02-04,79086954,84095686,54.19
407,2025-04-25,49259483,45565143,256.79
408,2025-04-19,56215546,89352645,157.85
409,2025-04-05,41436287,46487705,125.56
410,2025-01-25,70893317,85550838,234.55
411,2025-01-14,41618922,83944119,296.72
412,2025-02-22,51054549,37720792,130.29
413,2025-04-26,95297883,68367134,291.22
414,2025-05-21,50526154,45565143,50.38
415,2025-05-08,80641414,78249006,283.48
416,2025-06-12,21053787,60663810,243.72
417,2025-05-28,49259483,33472311,177.9
418,2025-03-24,66054029,95575112,293.13
419,2025-02-08,63390625,59260460,289.03
420,2025-01-30,33758042,69959035,162.24
421,2025-02-12,72623148,64735878,112.7
422,2025-06-19,18484116,85550838,182.58
423,2025-02-05,69174676,85550838,261.96
424,2025-06-11,91789778,85550838,231.65
425,2025-03-13,92548793,40483555,227.27
426,2025-04-26,50511432,83944119,44.6
427,2025-04-30,73757770,89352645,295.75
428,2025-01-12,17996587,98391320,110.17
429,2025-01-10,48326667,22019123,233.67
430,2025-03-04,35530089,81001783,287.63
431,2025-04-03,42494542,26765730,260.26
432,2025-05-17,90975984,43496230,219.72
433,2025-05-13,64515324,68333054,138.44
434,2025-05-03,17741663,42023992,74.25
435,2025-01-25,51233244,64735878,268.99
436,2025-05-02,94220535,89352645,97.27
437,2025-04-22,92565620,69959035,59.82
438,2025-02-11,23289333,27926480,242.78
439,2025-05-16,54163182,46487705,218.3
440,2025-06-23,11212237,69959035,222.11
441,2025-06-24,81614431,27926480,245.85
442,2025-05-03,23310257,72836970,170.3
443,2025-02-23,65788147,79700365,138.1
444,2025-03-15,37578212,89352645,208.42
445,2025-04-24,85556303,25536844,80.45
446,2025-04-23,73379266,95575112,263.84
447,2025-04-15,83680922,89352645,243.15
448,2025-02-15,81791815,55213470,148.44
449,2025-04-27,78827620,18034966,186.89
450,2025-04-20,55249314,95575112,130.23
451,2025-02-21,98295150,81550829,290.89
452,2025-04-28,34964419,92050216,284.97
453,2025-02-20,88203063,64735878,282.78
454,2024-12-30,31570697,46487705,40.4
455,2025-06-08,92548793,17171039,289.65
456,2025-01-21,71071153,43496230,233.39
457,2025-01-10,98383713,33472311,94.44
458,2025-03-19,19054399,20087633,109.05
459,2025-02-27,84287584,67665892,77.19
460,2025-02-14,18977049,60663810,244.99
461,2025-03-23,63577215,81001783,138.63
462,2025-05-28,71901129,74845783,112.79
463,2025-06-26,92669198,25289714,47.01
464,2025-05-09,36013083,37720792,72.68
465,2025-06-05,20381732,80645867,203.45
466,2025-03-08,22936059,25536844,39.68
467,2025-05-23,34300020,25289714,279.97
468,2025-04-15,69485651,20087633,218.58
469,2025-02-14,77446690,37720792,157.97
470,2025-05-10,94930654,79700365,97.16
471,2025-06-17,50219380,68367134,200.8
472,2025-03-21,17785560,81001783,47.06
473,2025-05-31,79364070,68367134,236.06
474,2025-04-26,74339321,85059196,250.47
475,2025-06-01,46684627,31892556,222.26
476,2025-02-04,23456231,20087633,185.69
477,2025-03-06,56908127,85550838,89.96
478,2025-02-18,70869452,74052381,216.62
479,2025-06-19,97164178,45565143,84.06
480,2025-02-18,15475763,25289714,41.26
481,2025-01-03,98396714,41708733,247.6
482,2025-06-27,72787695,42023992,45.47
483,2025-01-28,70363284,55213470,190.49
484,2025-04-29,94145642,84095686,199.11
485,2025-05-18,74563292,72836970,146.69
486,2025-03-20,39511090,20087633,110.53
487,2025-06-27,98410336,42023992,79.85
488,2025-04-13,48328304,94986642,30.17
489,2025-05-22,98455900,60663810,171.49
490,2025-05-26,12869491,22019123,128.13
491,2025-06-20,91731351,45565143,235.4
492,2025-06-28,37087421,67665892,73.21
493,2025-06-21,28880365,95575112,202.78
494,2025-04-19,28643251,74845783,112.28
495,2025-01-09,27505193,80645867,195.87
496,2025-04-01,89573311,85059196,80.2
497,2024-12-31,33291263,49972085,285.5
498,2025-03-20,51957902,68367134,158.76
499,2025-05-28,90758032,40483555,77.96
500,2025-05-05,98843260,78249006,153.54
501,2025-01-06,83563496,79700365,45.92
502,2025-05-10,23922324,80645867,245.44
503,2025-04-24,83169233,68367134,297.38
504,2025-01-01,81949331,22019123,45.87
505,2025-06-08,90243144,89352645,140.92
506,2025-02-10,74774593,69959035,227.59
507,2025-05-18,37028601,27926480,219.17
508,2025-05-07,25482438,64735878,65.78
509,2025-06-01,19976973,55213470,164.11
510,2025-01-31,63773045,59260460,120.15
511,2025-06-06,78222916,55213470,107.04
512,2025-01-24,45685770,89352645,244.37
513,2025-03-03,84583223,79700365,123.32
514,2025-04-10,84650442,67665892,92.8
515,2025-06-10,10737388,18034966,262.06
516,2025-03-15,63398295,48251892,286.98
517,2025-05-13,98295150,39781020,106.57
518,2025-02-28,87108685,60663810,94.16
519,2025-04-30,63773045,48251892,100.44
520,2025-03-05,66054029,94986642,75.13
521,2025-01-10,41618922,80974491,96.34
522,2025-05-02,76332361,84095686,80.26
523,2025-06-16,39546046,42023992,58.0
524,2025-01-22,21041046,45565143,78.88
525,2025-05-22,83680922,69959035,296.38
526,2025-04-24,98410336,26765730,294.16
527,2025-01-28,25482438,74052381,139.89
528,2025-01-23,78988602,31892556,277.25
529,2025-01-24,90602087,17171039,49.19
530,2025-01-09,70418613,17061113,189.72
531,2025-04-22,28643251,26765730,235.69
532,2025-05-09,27996178,42881519,158.81
533,2025-02-11,85835978,39781020,74.65
534,2025-04-14,77443607,55213470,58.01
535,2025-01-12,98627353,74845783,249.38
536,2025-01-07,23731142,78249006,292.27
537,2025-03-30,64907741,40483555,35.85
538,2025-01-02,53963905,94986642,291.1
539,2025-06-04,20331465,27926480,78.95
540,2025-05-05,31328289,81001783,217.66
541,2025-04-16,59551936,68333054,235.06
542,2025-05-23,72743345,39781020,145.42
543,2025-05-21,87175955,25289714,70.63
544,2025-02-07,15561960,68367134,295.37
545,2025-01-31,88722805,42023992,137.74
546,2025-06-15,94076674,26765730,58.54
547,2025-05-31,70363284,22019123,296.18
548,2025-03-23,78687098,18034966,73.7
549,2025-04-19,17787352,59260460,87.01
550,2025-05-10,82698762,64735878,163.83
551,2025-05-02,14277060,81001783,297.27
552,2025-02-13,21617696,20087633,98.84
553,2025-06-09,13824292,78249006,214.4
554,2025-03-23,28546489,85550838,117.1
555,2025-03-04,23731142,39781020,72.17
556,2025-01-31,65788147,68333054,65.0
557,2025-03-04,48924731,40483555,104.47
558,2025-06-16,87175955,98391320,165.12
559,2025-02-13,40370007,25536844,67.34
560,2025-04-22,16399792,79700365,206.28
561,2025-02-02,18662169,27926480,222.63
562,2025-06-06,25647341,94986642,210.84
563,2025-01-23,32327782,95575112,291.67
564,2025-01-15,59962529,98391320,202.31
565,2025-03-22,43672751,42881519,68.44
566,2025-03-26,42494542,46487705,120.52
567,2025-03-26,33758042,92050216,67.97
568,2025-02-16,11688134,26765730,92.99
569,2025-05-17,79256690,98391320,80.9
570,2025-02-08,71901129,48251892,290.57
571,2025-04-02,89876512,22019123,152.0
572,2025-05-28,30487915,17061113,31.52
573,2025-03-14,50526154,37720792,94.09
574,2025-03-09,85454269,89352645,62.06
575,2025-02-14,75030466,78249006,234.76
576,2025-05-25,39104400,79700365,43.85
577,2025-03-10,47253741,78249006,73.32
578,2025-03-01,38771369,85550838,234.8
579,2025-01-01,90183491,59260460,47.83
580,2025-05-02,48326667,94986642,221.71
581,2025-04-16,52253600,81001783,253.4
582,2025-02-01,33702717,60663810,44.42
583,2025-02-06,51883209,20087633,56.09
584,2025-05-25,63109090,95575112,171.12
585,2025-01-23,51054549,55213470,287.26
586,2024-12-31,85144557,92050216,59.85
587,2025-03-24,67605836,68367134,71.7
588,2025-06-21,18512721,85550838,126.24
589,2025-03-18,25432474,25536844,46.69
590,2025-01-04,21053787,67665892,224.7
591,2025-04-17,93435183,94986642,58.59
592,2025-04-22,35501652,25536844,240.9
593,2025-04-03,30487915,94986642,178.49
594,2025-03-10,23131030,42023992,286.21
595,2025-02-26,25532706,95575112,113.9
596,2025-03-23,49163087,81550829,121.6
597,2025-02-06,99694738,46487705,135.84
598,2025-01-02,95159037,27926480,40.1
599,2025-03-31,89211667,48251892,142.76
600,2025-05-14,35916206,74845783,48.78
601,2025-06-25,37191089,31892556,155.16
602,2025-05-16,37578212,53257757,297.31
603,2025-06-01,16924055,46487705,247.78
604,2025-01-31,98396714,60663810,68.63
605,2025-05-07,54128245,49972085,146.03
606,2025-05-21,71494849,20087633,288.92
607,2025-02-24,51957902,67665892,250.4
608,2025-05-25,88870496,95575112,196.64
609,2025-05-05,69152653,92050216,296.49
610,2024-12-28,43700627,53257757,241.67
611,2025-06-02,70869452,18034966,170.63
612,2025-06-19,23568898,59260460,154.65
613,2025-02-20,25893005,17171039,226.39
614,2025-06-12,91731351,60663810,101.68
615,2025-02-26,28983634,45565143,269.73
616,2025-05-13,85014384,45565143,229.22
617,2025-03-27,49163087,84095686,214.17
618,2025-02-02,71494849,43496230,133.01
619,2025-01-23,22658177,72836970,226.58
620,2025-01-21,81949331,61284804,81.58
621,2025-04-20,12869491,64735878,257.79
622,2025-04-20,22844524,74052381,212.61
623,2025-01-18,33291786,20087633,53.91
624,2025-04-03,52691312,74052381,216.91
625,2025-01-05,53703511,46487705,62.78
626,2025-04-17,42320132,84095686,291.45
627,2025-04-29,67020312,61284804,249.68
628,2025-03-12,76193053,33472311,115.16
629,2025-01-26,20391122,18034966,97.37
630,2025-06-12,11135835,69959035,137.25
631,2025-04-30,16028313,46487705,159.65
632,2025-04-06,63109090,78249006,69.9
633,2025-03-19,20530694,49972085,195.59
634,2025-05-09,72051132,46487705,56.38
635,2025-06-22,11688134,26765730,218.73
636,2025-05-21,90428423,67665892,185.67
637,2025-03-23,55913398,89352645,42.57
638,2025-01-14,10882343,48251892,80.8
639,2025-05-31,26973602,55213470,129.56
640,2025-02-11,85144557,84095686,101.65
641,2025-01-30,84287584,74052381,123.06
642,2025-03-05,94091312,67665892,290.6
643,2025-02-25,21018655,49972085,168.9
644,2025-03-30,61478271,45565143,97.36
645,2025-03-08,22374799,95575112,172.1
646,2025-04-15,12191752,98391320,294.83
647,2025-05-29,85014384,40483555,52.12
648,2025-04-11,39546046,81001783,245.67
649,2025-01-01,72743345,46487705,50.88
650,2025-04-20,12869491,33472311,248.18
651,2025-04-27,59947484,92050216,57.14
652,2025-04-29,82698762,89352645,96.81
653,2025-06-05,88145085,98391320,57.03
654,2025-04-28,17450425,48251892,154.46
655,2025-02-06,11344437,80974491,262.21
656,2025-02-02,10515239,25536844,184.64
657,2025-06-02,69148505,42881519,225.0
658,2025-06-01,44630880,33472311,54.02
659,2025-05-31,11135835,95575112,268.12
660,2025-01-11,64986841,25536844,147.37
661,2025-05-15,43441601,69959035,82.78
662,2025-01-04,66186914,60663810,127.14
663,2025-01-17,32584247,20087633,164.08
664,2025-06-17,32327782,78249006,164.18
665,2025-03-14,34743849,42881519,280.21
666,2025-01-06,45863052,81550829,219.09
667,2025-04-02,37507022,74052381,274.77
668,2024-12-28,33961044,92050216,45.76
669,2025-03-09,32327782,81001783,232.53
670,2025-06-09,21124452,17061113,230.6
671,2025-02-12,71485014,39781020,253.12
672,2025-06-13,80066913,94986642,285.56
673,2025-06-16,69236104,67665892,129.19
674,2025-02-27,42072588,48251892,154.63
675,2025-01-29,62731030,53257757,52.0
676,2025-02-26,90572769,17171039,146.27
677,2025-06-24,53963905,85059196,229.55
678,2025-04-21,62971836,43496230,249.19
679,2025-01-28,12846889,81001783,136.82
680,2025-05-13,35913493,22019123,69.28
681,2025-01-12,45685770,18034966,79.13
682,2025-02-13,89022514,25536844,269.53
683,2025-02-24,78610378,39781020,117.79
684,2025-01-02,49930308,61284804,141.72
685,2025-04-24,96541031,17061113,129.7
686,2025-05-05,92740304,22019123,234.15
687,2025-06-19,75239377,78249006,197.93
688,2025-04-18,64907741,81001783,94.32
689,2025-02-22,53444701,17171039,221.09
690,2025-03-24,24931908,92050216,152.69
691,2025-01-20,30236369,64735878,235.32
692,2025-02-12,98900625,74052381,151.0
693,2025-01-01,15193218,41708733,104.76
694,2024-12-31,28546489,80974491,184.2
695,2025-02-10,61103244,55213470,95.63
696,2025-03-24,44630880,43496230,133.84
697,2025-01-05,87855783,85550838,166.25
698,2025-04-29,19873967,83944119,55.23
699,2025-04-22,12846889,79700365,244.93
700,2025-04-30,72151499,89352645,218.67
701,2025-05-26,71071153,17061113,173.86
702,2025-02-08,80157379,41708733,34.39
703,2025-01-29,33178155,61284804,188.46
704,2025-05-01,61478271,33472311,62.98
705,2025-05-08,18181571,89352645,156.04
706,2025-03-11,51264638,42023992,160.99
707,2025-01-19,36593739,85550838,93.04
708,2025-05-16,72550804,64735878,33.24
709,2025-06-27,46952433,17061113,162.44
710,2025-02-09,72550804,60663810,89.78
711,2025-04-09,62926379,81550829,106.04
712,2025-05-23,75708343,60663810,267.15
713,2025-05-13,92669198,43496230,98.55
714,2025-05-15,36015176,79700365,274.0
715,2025-03-29,20933405,55213470,41.07
716,2025-04-09,30585455,74052381,113.26
717,2025-01-22,27829060,74845783,65.54
718,2025-05-28,93310227,53257757,241.7
719,2025-05-09,26492693,39781020,277.66
720,2025-01-03,71274633,92050216,168.46
721,2025-02-25,92024880,45565143,143.95
722,2025-04-25,32224749,67665892,212.54
723,2025-05-22,22998001,60663810,88.06
724,2025-06-05,93697170,41708733,74.69
725,2025-06-26,77446690,42023992,289.51
726,2025-03-04,22039848,80974491,90.74
727,2025-03-05,46329205,17061113,94.14
728,2025-02-18,22998001,33472311,250.47
729,2025-03-23,75113094,31892556,276.89
730,2025-03-15,86844715,53257757,60.67
731,2025-05-05,59947484,74052381,67.16
732,2025-02-02,43700627,64735878,205.95
733,2025-03-19,80157379,18034966,139.14
734,2025-01-18,32319837,43496230,157.59
735,2025-02-12,19054399,37720792,217.12
736,2025-01-16,26492693,64735878,139.04
737,2025-06-12,46723647,37720792,157.8
738,2024-12-28,79605526,39781020,172.73
739,2025-05-23,12869491,41708733,203.0
740,2025-02-24,59962529,40483555,30.62
741,2025-01-26,23752407,33472311,233.49
742,2025-01-15,67845768,68333054,284.64
743,2025-04-27,63773045,42881519,83.38
744,2025-05-21,43094579,95575112,62.43
745,2025-03-17,59364540,25289714,248.78
746,2025-03-29,27628116,60663810,86.15
747,2025-03-06,20107486,79700365,131.56
748,2025-05-18,33178155,80645867,137.65
749,2025-01-12,92024880,39781020,177.0
750,2025-06-14,17044701,20087633,255.67
751,2025-06-24,43196560,84095686,99.52
752,2025-06-09,94937625,53257757,104.08
753,2025-02-02,60008603,81550829,228.91
754,2024-12-31,37301890,20087633,155.87
755,2025-05-26,29477722,74845783,44.06
756,2025-02-03,63098330,84095686,54.1
757,2025-02-14,66991519,53257757,180.35
758,2025-03-02,72534821,67665892,132.07
759,2025-02-06,52819137,27926480,190.21
760,2025-02-04,46049118,40483555,191.95
761,2025-01-07,47253741,37720792,161.79
762,2025-06-26,88451024,39781020,246.16
763,2025-02-22,11688134,20087633,150.36
764,2025-04-11,84926175,48251892,55.94
765,2025-03-23,63281195,42023992,254.69
766,2025-04-10,94001477,94986642,56.19
767,2025-06-02,17044701,37720792,99.94
768,2025-01-25,26147281,68333054,128.26
769,2025-02-14,22125864,85059196,170.52
770,2025-04-20,25482438,31892556,58.53
771,2025-03-25,83491415,48251892,222.45
772,2025-01-11,87068829,22019123,188.22
773,2025-01-09,45298162,39781020,69.2
774,2025-04-30,86570574,81001783,157.47
775,2025-03-18,83588882,83944119,219.15
776,2025-01-15,81024429,81001783,78.58
777,2025-02-19,41618922,68333054,79.42
778,2025-02-15,11739217,45565143,57.73
779,2025-05-21,12615007,46487705,48.39
780,2025-04-13,65582731,48251892,158.25
781,2025-06-25,95545902,85059196,219.31
782,2025-04-25,70363284,98391320,189.71
783,2025-05-02,93727760,22019123,155.14
784,2025-05-29,66989252,95575112,104.1
785,2025-05-20,64907741,20087633,96.88
786,2025-06-16,54917105,67665892,75.16
787,2025-06-06,65150352,18034966,256.58
788,2025-06-27,59017738,69959035,64.73
789,2025-05-24,51679149,53257757,33.34
790,2025-01-14,33954080,25289714,182.53
791,2025-02-19,19054399,25536844,81.96
792,2025-04-16,46684627,78249006,257.25
793,2025-01-13,14416315,43496230,115.97
794,2025-04-16,58059627,94986642,202.51
795,2025-05-04,41216027,20087633,248.63
796,2025-06-13,17572345,26765730,143.68
797,2025-02-08,11135835,81550829,284.39
798,2025-02-27,80641414,48251892,290.06
799,2025-03-18,72051132,20087633,157.66
800,2025-02-04,36013083,80974491,106.28
801,2025-03-20,53161034,92050216,231.62
802,2025-06-10,63390625,89352645,185.17
803,2025-05-19,36729564,17171039,191.13
804,2025-01-12,19768273,67665892,160.25
805,2025-02-04,79249776,48251892,241.57
806,2025-06-15,82698762,17171039,221.54
807,2025-01-16,32224749,67665892,280.96
808,2025-02-12,84583223,85550838,98.43
809,2025-02-14,57090692,53257757,39.69
810,2025-02-01,59752804,89352645,133.16
811,2025-02-15,50856989,37720792,77.68
812,2025-01-19,37087421,40483555,124.63
813,2025-06-20,92669198,60663810,66.41
814,2025-02-24,44898374,60663810,97.51
815,2025-05-10,93435183,40483555,260.4
816,2025-05-15,73526312,68333054,203.31
817,2025-06-24,95688809,89352645,215.66
818,2025-03-28,35916206,42023992,239.05
819,2025-04-06,97165563,95575112,152.85
820,2025-05-25,54163999,17061113,244.16
821,2025-04-06,46852022,42881519,162.39
822,2025-06-19,38681811,48251892,33.45
823,2025-01-12,78926834,55213470,164.23
824,2025-01-05,72051132,33472311,103.77
825,2025-01-31,49337508,48251892,237.37
826,2025-04-28,79256690,45565143,101.09
827,2025-05-15,19601868,55213470,85.69
828,2025-01-20,49535143,33472311,297.85
829,2025-04-28,85557446,68367134,258.38
830,2025-01-23,38657001,92050216,143.81
831,2025-06-09,39104400,81001783,150.6
832,2025-01-10,67660691,81001783,260.18
833,2025-01-23,42179471,20087633,258.63
834,2025-06-16,84287584,18034966,262.06
835,2025-04-14,56908127,40483555,44.8
836,2025-06-09,25422829,64735878,153.29
837,2025-06-08,45863052,74052381,284.28
838,2025-01-22,91737650,55213470,254.18
839,2025-01-18,46952433,46487705,241.46
840,2025-01-06,32531815,33472311,65.05
841,2025-02-11,54754390,61284804,239.1
842,2025-04-22,93727760,64735878,116.41
843,2025-05-21,14119136,79700365,194.07
844,2025-04-05,41436287,49972085,101.65
845,2025-05-04,62581137,17171039,147.25
846,2025-03-22,63109090,60663810,299.37
847,2025-06-08,80797192,60663810,192.3
848,2024-12-31,75799065,81001783,265.14
849,2025-03-17,75868679,25289714,119.86
850,2025-03-02,42961304,26765730,111.21
851,2025-06-22,34743849,60663810,248.69
852,2025-03-10,48924731,60663810,145.12
853,2025-05-15,55913398,20087633,283.21
854,2025-05-10,43991007,41708733,148.34
855,2025-02-03,12063108,79700365,91.14
856,2025-03-30,85557446,41708733,271.58
857,2025-03-11,90241564,98391320,38.07
858,2025-01-28,14499220,60663810,180.13
859,2025-06-21,10737388,81001783,176.27
860,2025-03-14,74129571,53257757,207.81
861,2025-04-06,73829110,61284804,139.51
862,2025-04-20,50173620,45565143,67.83
863,2025-02-26,96536446,42023992,96.92
864,2025-05-02,42447803,74052381,38.73
865,2025-05-21,65450268,85059196,172.41
866,2025-01-02,33692865,25289714,210.64
867,2025-06-08,84808637,17171039,165.77
868,2025-05-16,27829060,74845783,282.49
869,2025-01-30,70893317,83944119,55.3
870,2025-04-14,87842463,43496230,213.0
871,2025-06-04,38882892,20087633,285.42
872,2025-03-06,44894349,64735878,126.06
873,2025-02-06,69152653,33472311,149.78
874,2025-05-14,50511432,33472311,108.76
875,2025-03-15,11344437,80974491,76.53
876,2025-03-14,87367875,80645867,124.46
877,2025-04-02,87607110,74845783,229.58
878,2025-03-09,42179471,59260460,81.94
879,2025-05-25,23222077,84095686,266.64
880,2025-03-15,40499180,22019123,217.96
881,2025-06-14,80797192,33472311,224.9
882,2025-05-07,90892920,46487705,295.04
883,2025-04-03,15193218,20087633,55.92
884,2025-01-15,84450161,25289714,229.77
885,2025-03-05,14499220,64735878,167.17
886,2025-02-05,10515239,46487705,281.42
887,2025-06-08,17787352,89352645,72.83
888,2025-05-28,74043773,59260460,256.76
889,2025-06-16,68273403,64735878,140.99
890,2025-03-23,23157587,45565143,104.42
891,2025-02-28,62176752,42023992,33.95
892,2025-01-02,24373171,17061113,144.88
893,2025-03-28,17373712,83944119,153.62
894,2025-05-18,85127006,42023992,288.95
895,2025-01-12,91482641,48251892,78.83
896,2025-02-23,23922324,83944119,95.41
897,2025-06-03,86095723,17171039,48.87
898,2025-06-05,37191089,26765730,240.09
899,2025-03-10,40567401,26765730,275.01
900,2024-12-30,79603573,68367134,273.55
901,2025-01-13,81024399,53257757,272.34
902,2025-02-28,23402104,55213470,94.92
903,2025-04-30,81537922,69959035,153.75
904,2025-01-09,38771369,92050216,95.96
905,2025-06-28,55600100,81550829,293.14
906,2025-02-03,23310257,20087633,74.14
907,2025-06-11,81791815,72836970,54.39
908,2025-01-26,81020487,59260460,252.21
909,2025-03-15,10548657,42881519,156.57
910,2025-01-27,61590799,17171039,272.92
911,2025-01-15,82664887,59260460,56.96
912,2025-02-24,26370864,42881519,180.3
913,2025-05-13,29886355,17171039,92.34
914,2025-02-27,57116666,85059196,276.89
915,2025-06-13,89912782,85550838,58.21
916,2025-05-08,93727760,31892556,271.22
917,2025-04-27,20357928,67665892,275.99
918,2025-05-17,65890141,59260460,296.8
919,2025-04-06,42320132,25536844,154.91
920,2025-06-12,23310257,45565143,80.98
921,2025-03-16,27976397,64735878,42.63
922,2025-01-15,98333278,67665892,265.41
923,2025-04-05,42072588,95575112,33.79
924,2025-01-10,90241564,69959035,58.83
925,2025-01-18,59003761,74845783,61.77
926,2025-01-09,60500189,31892556,168.5
927,2025-01-17,17526818,95575112,64.38
928,2025-01-18,53630164,69959035,181.6
929,2025-01-19,93697170,55213470,95.86
930,2025-02-16,94314990,74845783,125.25
931,2025-01-22,37578212,60663810,99.89
932,2025-06-27,54163182,40483555,176.12
933,2025-01-07,71858700,98391320,201.14
934,2025-04-27,94930654,25289714,143.62
935,2025-01-02,87842463,26765730,243.11
936,2025-05-09,65150614,78249006,126.68
937,2025-01-26,98843260,22019123,185.9
938,2025-06-16,84450161,53257757,242.61
939,2025-06-15,20530694,68333054,186.96
940,2025-03-05,43196560,68333054,83.39
941,2025-05-11,30236369,25289714,167.19
942,2025-05-26,33178155,79700365,114.82
943,2025-03-11,66783615,78249006,196.51
944,2025-04-05,98360430,42023992,159.12
945,2025-02-04,26039845,37720792,174.48
946,2025-06-03,99694738,81550829,103.5
947,2025-05-15,22201115,33472311,142.54
948,2025-05-26,23400161,74052381,152.98
949,2025-05-23,93638606,79700365,256.64
950,2025-03-21,50526154,49972085,71.76
951,2025-03-22,98843260,25536844,267.72
952,2025-01-18,44894349,79700365,121.37
953,2025-05-25,37301890,17171039,247.75
954,2025-06-22,61103244,67665892,141.98
955,2025-05-02,72550804,81001783,169.77
956,2025-05-04,17005856,74052381,94.04
957,2025-03-22,22328646,79700365,236.21
958,2025-04-21,33758042,85059196,149.99
959,2025-02-09,87858956,72836970,287.01
960,2025-05-26,52340140,68367134,149.65
961,2025-02-11,19601868,42881519,292.23
962,2025-01-07,78926834,39781020,136.51
963,2025-01-31,74508020,42881519,62.75
964,2025-06-03,59810706,79700365,196.62
965,2025-06-24,97165563,46487705,297.03
966,2025-05-09,33798045,95575112,76.43
967,2025-01-30,38397511,39781020,203.65
968,2025-02-27,61690487,79700365,76.13
969,2025-04-04,57241514,78249006,49.28
970,2025-04-18,25514605,46487705,168.38
971,2025-05-01,54917105,31892556,89.78
972,2025-05-17,25647341,80974491,141.51
973,2025-04-20,37087421,68333054,166.81
974,2025-06-26,75205174,98391320,292.55
975,2025-05-26,46329205,20087633,162.54
976,2025-02-20,46075419,27926480,89.46
977,2025-06-13,92669198,68333054,115.63
978,2025-06-21,94145642,53257757,284.25
979,2025-01-27,97604706,26765730,213.74
980,2025-04-03,49535143,89352645,277.32
981,2025-02-26,32224749,98391320,102.87
982,2025-06-04,75309718,80974491,92.16
983,2025-01-06,90758032,69959035,71.97
984,2025-04-20,70363284,67665892,65.19
985,2025-04-10,14499220,17171039,101.09
986,2025-02-08,60500189,39781020,90.98
987,2025-01-08,54754390,25289714,63.53
988,2025-03-22,33758042,95575112,167.73
989,2025-02-22,81020487,83944119,53.96
990,2025-01-15,59551936,59260460,89.03
991,2025-03-13,87514779,26765730,240.01
992,2025-03-12,16918519,79700365,178.59
993,2025-06-07,85365458,95575112,43.82
994,2025-02-27,24602148,64735878,292.41
995,2025-06-12,37507022,74052381,150.8
996,2025-04-15,92669198,64735878,38.6
997,2025-03-15,16204397,81550829,286.9
998,2025-06-21,93727760,80645867,205.62
999,2025-04-19,92937598,72836970,290.28
1000,2025-02-17,95445874,74052381,33.84
